Vin_A,TEMP,pvdd,Lmin,Wmin,toxe_n,toxm_n,toxref_n,toxp_n,xj_n,ndep_n,toxe_p,toxm_p,toxref_p,toxp_p,xj_p,ndep_p,Leakage_power
0,46.31943036830701,0.8412076077468839,2.4455885452125657e-08,2.2999078378163331e-07,6.934984949881139e-10,6.402666832724926e-10,6.502830798651801e-10,4.0371640611024305e-10,7.4132053000343785e-09,1.231191123478698e+19,6.319509196036809e-10,6.324261856967456e-10,6.647074748497221e-10,4.0043722995094135e-10,7.014268466469464e-09,4.308701319171959e+18,1.626727983216e-06
1,46.31943036830701,0.8412076077468839,2.4455885452125657e-08,2.2999078378163331e-07,6.934984949881139e-10,6.402666832724926e-10,6.502830798651801e-10,4.0371640611024305e-10,7.4132053000343785e-09,1.231191123478698e+19,6.319509196036809e-10,6.324261856967456e-10,6.647074748497221e-10,4.0043722995094135e-10,7.014268466469464e-09,4.308701319171959e+18,2.099495906492e-06
0,14.319261619886774,0.8129506449592276,2.3602000701825085e-08,2.2733092461111548e-07,6.478514109883808e-10,6.683070781145401e-10,6.200572480311668e-10,3.8633428044780135e-10,7.377951942371441e-09,1.1406552641858734e+19,6.702478230426301e-10,6.880535378281415e-10,6.791394988625617e-10,4.171137764026467e-10,7.436170143306252e-09,4.421656309318949e+18,1.301515538346e-06
1,14.319261619886774,0.8129506449592276,2.3602000701825085e-08,2.2733092461111548e-07,6.478514109883808e-10,6.683070781145401e-10,6.200572480311668e-10,3.8633428044780135e-10,7.377951942371441e-09,1.1406552641858734e+19,6.702478230426301e-10,6.880535378281415e-10,6.791394988625617e-10,4.171137764026467e-10,7.436170143306252e-09,4.421656309318949e+18,1.6852428517062e-06
0,106.23708058989943,0.8465881342305956,2.436240099477874e-08,2.55099572745505e-07,6.348741491833954e-10,6.867566949556811e-10,6.700813448968595e-10,3.7405567346677613e-10,7.4026130608886715e-09,1.1853727028610812e+19,6.902380637615872e-10,6.449542466821651e-10,6.349354244962514e-10,4.0728798723663606e-10,7.217789069085879e-09,4.735808508311899e+18,1.964027699295e-06
1,106.23708058989943,0.8465881342305956,2.436240099477874e-08,2.55099572745505e-07,6.348741491833954e-10,6.867566949556811e-10,6.700813448968595e-10,3.7405567346677613e-10,7.4026130608886715e-09,1.1853727028610812e+19,6.902380637615872e-10,6.449542466821651e-10,6.349354244962514e-10,4.0728798723663606e-10,7.217789069085879e-09,4.735808508311899e+18,2.5195520412220996e-06
0,78.64052841711373,0.8235846688820735,2.3727948406991002e-08,2.507507841806735e-07,6.49845768787805e-10,6.315903507492571e-10,6.384048433650154e-10,4.0853070056910124e-10,6.807639249491543e-09,1.2406860392856295e+19,6.892516531977827e-10,6.648426355138678e-10,6.399896998342952e-10,3.9971836303227975e-10,7.096252679146859e-09,4.361289370323797e+18,1.5707247350719998e-06
1,78.64052841711373,0.8235846688820735,2.3727948406991002e-08,2.507507841806735e-07,6.49845768787805e-10,6.315903507492571e-10,6.384048433650154e-10,4.0853070056910124e-10,6.807639249491543e-09,1.2406860392856295e+19,6.892516531977827e-10,6.648426355138678e-10,6.399896998342952e-10,3.9971836303227975e-10,7.096252679146859e-09,4.361289370323797e+18,2.0342159638603995e-06
0,97.16663016566308,0.8079374203753317,2.594995720757832e-08,2.1972398491105777e-07,6.43565682710424e-10,6.49704100911705e-10,6.785425334935793e-10,4.074295157332118e-10,7.1978851359863825e-09,1.281440791279379e+19,6.471337682822305e-10,6.6088916084459e-10,6.537980399919511e-10,3.9219113589767e-10,7.176330079946861e-09,4.524781860167565e+18,1.4409157298040001e-06
1,97.16663016566308,0.8079374203753317,2.594995720757832e-08,2.1972398491105777e-07,6.43565682710424e-10,6.49704100911705e-10,6.785425334935793e-10,4.074295157332118e-10,7.1978851359863825e-09,1.281440791279379e+19,6.471337682822305e-10,6.6088916084459e-10,6.537980399919511e-10,3.9219113589767e-10,7.176330079946861e-09,4.524781860167565e+18,1.8509843592366e-06
0,89.82506769226336,0.7271569481208647,2.4830979762753423e-08,2.431734854290337e-07,6.698290949147534e-10,6.468368926071116e-10,6.444325139940867e-10,3.9305418294370766e-10,7.603031409676126e-09,1.2175951336439816e+19,6.467303607576975e-10,6.63310410919902e-10,7.062989697450451e-10,3.9889731423016727e-10,7.330130822296747e-09,4.367330939193751e+18,9.5883526445e-07
1,89.82506769226336,0.7271569481208647,2.4830979762753423e-08,2.431734854290337e-07,6.698290949147534e-10,6.468368926071116e-10,6.444325139940867e-10,3.9305418294370766e-10,7.603031409676126e-09,1.2175951336439816e+19,6.467303607576975e-10,6.63310410919902e-10,7.062989697450451e-10,3.9889731423016727e-10,7.330130822296747e-09,4.367330939193751e+18,1.2323662397385002e-06
0,-31.238427342955447,0.8741954180784918,2.285655230711111e-08,2.2813099719151193e-07,6.63732038403701e-10,6.434459073667726e-10,6.620427829505826e-10,3.9633549918292636e-10,7.507919021948529e-09,1.2264918931050396e+19,7.139742641839547e-10,6.550059599978086e-10,6.773528565829024e-10,4.006247784502012e-10,6.97612370603723e-09,4.338429877300812e+18,1.6995322431899998e-06
1,-31.238427342955447,0.8741954180784918,2.285655230711111e-08,2.2813099719151193e-07,6.63732038403701e-10,6.434459073667726e-10,6.620427829505826e-10,3.9633549918292636e-10,7.507919021948529e-09,1.2264918931050396e+19,7.139742641839547e-10,6.550059599978086e-10,6.773528565829024e-10,4.006247784502012e-10,6.97612370603723e-09,4.338429877300812e+18,2.2030504312911998e-06
0,67.68344178220306,0.8573146021530295,2.308305642664202e-08,2.3736149643476362e-07,6.249880319143017e-10,6.832101748392497e-10,6.288859911891085e-10,3.908923517780714e-10,7.215626353670042e-09,1.2171643234910394e+19,6.331297627837206e-10,6.678641301628016e-10,6.885065565093371e-10,4.41565948409172e-10,7.063950456963255e-09,4.4122952991611904e+18,1.7704365981059998e-06
1,67.68344178220306,0.8573146021530295,2.308305642664202e-08,2.3736149643476362e-07,6.249880319143017e-10,6.832101748392497e-10,6.288859911891085e-10,3.908923517780714e-10,7.215626353670042e-09,1.2171643234910394e+19,6.331297627837206e-10,6.678641301628016e-10,6.885065565093371e-10,4.41565948409172e-10,7.063950456963255e-09,4.4122952991611904e+18,2.2754206196294003e-06
0,-13.67771643692759,0.8431906810914558,2.2806319960826244e-08,2.2675949571186676e-07,6.886243817908638e-10,6.243430144625884e-10,6.487970985311513e-10,4.0599933774736504e-10,7.256296650138243e-09,1.2297932239789662e+19,6.706985430599738e-10,6.443564662564026e-10,6.522829423068835e-10,3.7075264711912577e-10,7.277389410960089e-09,4.489929347045809e+18,1.4539668889199999e-06
1,-13.67771643692759,0.8431906810914558,2.2806319960826244e-08,2.2675949571186676e-07,6.886243817908638e-10,6.243430144625884e-10,6.487970985311513e-10,4.0599933774736504e-10,7.256296650138243e-09,1.2297932239789662e+19,6.706985430599738e-10,6.443564662564026e-10,6.522829423068835e-10,3.7075264711912577e-10,7.277389410960089e-09,4.489929347045809e+18,1.8833668088485e-06
0,90.5443353802316,0.848832641360999,2.210948160067724e-08,2.2264404053343864e-07,6.895616357617096e-10,6.480996941217753e-10,6.61562979775326e-10,4.079968583909602e-10,7.042502051966534e-09,1.2254493223217834e+19,7.385845597538148e-10,6.719165308306585e-10,6.725618394564612e-10,4.048939829361859e-10,7.476156479742744e-09,4.520483190497706e+18,1.51765161786e-06
1,90.5443353802316,0.848832641360999,2.210948160067724e-08,2.2264404053343864e-07,6.895616357617096e-10,6.480996941217753e-10,6.61562979775326e-10,4.079968583909602e-10,7.042502051966534e-09,1.2254493223217834e+19,7.385845597538148e-10,6.719165308306585e-10,6.725618394564612e-10,4.048939829361859e-10,7.476156479742744e-09,4.520483190497706e+18,1.9551280562435997e-06
0,-46.203612608794494,0.776507859638204,2.4263624836773625e-08,2.2662002996344688e-07,6.698650959230936e-10,6.512965118145634e-10,6.703169006896345e-10,3.8259854223413104e-10,7.74114159138472e-09,1.234595040415996e+19,6.651207845154062e-10,6.408404128055746e-10,6.759550415488668e-10,3.8331774927286966e-10,7.115808908333963e-09,4.218942899509211e+18,1.1093920671600001e-06
1,-46.203612608794494,0.776507859638204,2.4263624836773625e-08,2.2662002996344688e-07,6.698650959230936e-10,6.512965118145634e-10,6.703169006896345e-10,3.8259854223413104e-10,7.74114159138472e-09,1.234595040415996e+19,6.651207845154062e-10,6.408404128055746e-10,6.759550415488668e-10,3.8331774927286966e-10,7.115808908333963e-09,4.218942899509211e+18,1.4254525281733e-06
0,57.58646204442496,0.844847826448923,2.247534933724929e-08,2.360441984380316e-07,6.28151207515877e-10,6.897521151373964e-10,5.978905762027877e-10,4.0359474890152236e-10,6.713611461709363e-09,1.2095155054154967e+19,6.757764065028293e-10,6.803324713095079e-10,6.82750442120474e-10,3.724893127323181e-10,6.875237143222753e-09,4.1149763061745546e+18,1.533364832916e-06
1,57.58646204442496,0.844847826448923,2.247534933724929e-08,2.360441984380316e-07,6.28151207515877e-10,6.897521151373964e-10,5.978905762027877e-10,4.0359474890152236e-10,6.713611461709363e-09,1.2095155054154967e+19,6.757764065028293e-10,6.803324713095079e-10,6.82750442120474e-10,3.724893127323181e-10,6.875237143222753e-09,4.1149763061745546e+18,1.9899011476888e-06
0,-26.674991593897754,0.7853284368391568,2.4764626801675743e-08,2.325066698605996e-07,6.657935709788039e-10,6.337190290642665e-10,6.82188188953029e-10,4.1557064244268327e-10,7.160628841253112e-09,1.2966001400098302e+19,6.795277268778212e-10,6.526601448435222e-10,6.955463191064942e-10,4.0384982384847613e-10,7.256869979791241e-09,4.279585137028508e+18,1.23744141265e-06
1,-26.674991593897754,0.7853284368391568,2.4764626801675743e-08,2.325066698605996e-07,6.657935709788039e-10,6.337190290642665e-10,6.82188188953029e-10,4.1557064244268327e-10,7.160628841253112e-09,1.2966001400098302e+19,6.795277268778212e-10,6.526601448435222e-10,6.955463191064942e-10,4.0384982384847613e-10,7.256869979791241e-09,4.279585137028508e+18,1.5868889954696001e-06
0,49.78119942979028,0.7276180087829599,2.3708418140196606e-08,2.3456378459566106e-07,6.658453656811496e-10,6.815627654420052e-10,6.476401360288575e-10,4.0572747535876284e-10,7.80650476038805e-09,1.1871335027704732e+19,6.64421482382904e-10,6.449280465713394e-10,6.558176711119554e-10,4.2193338996980084e-10,7.1993534097827274e-09,4.5607621765347727e+18,8.690379881749999e-07
1,49.78119942979028,0.7276180087829599,2.3708418140196606e-08,2.3456378459566106e-07,6.658453656811496e-10,6.815627654420052e-10,6.476401360288575e-10,4.0572747535876284e-10,7.80650476038805e-09,1.1871335027704732e+19,6.64421482382904e-10,6.449280465713394e-10,6.558176711119554e-10,4.2193338996980084e-10,7.1993534097827274e-09,4.5607621765347727e+18,1.1186531664010001e-06
0,-7.773981906306403,0.8708038687079388,2.4650396578465286e-08,2.360141896627142e-07,6.625259095711637e-10,6.727831562133555e-10,6.422539321639961e-10,3.84592128624918e-10,7.103141557340204e-09,1.1761604346083418e+19,6.934897532930303e-10,6.557222136109753e-10,6.960866559356865e-10,4.089014635701118e-10,7.153601387169932e-09,4.3710629753106847e+18,1.9245138299400004e-06
1,-7.773981906306403,0.8708038687079388,2.4650396578465286e-08,2.360141896627142e-07,6.625259095711637e-10,6.727831562133555e-10,6.422539321639961e-10,3.84592128624918e-10,7.103141557340204e-09,1.1761604346083418e+19,6.934897532930303e-10,6.557222136109753e-10,6.960866559356865e-10,4.089014635701118e-10,7.153601387169932e-09,4.3710629753106847e+18,2.4820974035412e-06
0,5.790958553070801,0.7720078170598317,2.396145688785314e-08,2.214094599334494e-07,6.552559323752218e-10,6.529301178271548e-10,5.910138629930683e-10,3.716526304014139e-10,6.818779416153755e-09,1.2252767805392863e+19,6.924223890972679e-10,7.117027790931127e-10,6.545810649867213e-10,4.1166606723333516e-10,7.073518339922802e-09,4.780743157337882e+18,1.0281070992499998e-06
1,5.790958553070801,0.7720078170598317,2.396145688785314e-08,2.214094599334494e-07,6.552559323752218e-10,6.529301178271548e-10,5.910138629930683e-10,3.716526304014139e-10,6.818779416153755e-09,1.2252767805392863e+19,6.924223890972679e-10,7.117027790931127e-10,6.545810649867213e-10,4.1166606723333516e-10,7.073518339922802e-09,4.780743157337882e+18,1.3303875253478e-06
0,49.6992535540937,0.8404332639763092,2.4605655488678147e-08,2.3458837745328222e-07,6.33952571994256e-10,6.561038951455938e-10,6.451427844761518e-10,4.1037400811392943e-10,6.876557552532017e-09,1.187883915808234e+19,7.083666472532777e-10,6.653303928105763e-10,6.276059986774765e-10,4.0968471587582565e-10,7.2000565378540155e-09,4.674184755864656e+18,1.674026767224e-06
1,49.6992535540937,0.8404332639763092,2.4605655488678147e-08,2.3458837745328222e-07,6.33952571994256e-10,6.561038951455938e-10,6.451427844761518e-10,4.1037400811392943e-10,6.876557552532017e-09,1.187883915808234e+19,7.083666472532777e-10,6.653303928105763e-10,6.276059986774765e-10,4.0968471587582565e-10,7.2000565378540155e-09,4.674184755864656e+18,2.1583104876829997e-06
0,-28.57262903148509,0.8095853806037469,2.4496593782960143e-08,2.147559549782117e-07,6.251322488901174e-10,7.089340013560045e-10,6.532501369156434e-10,4.071117520941483e-10,7.2688076941804985e-09,1.254766547702036e+19,7.065251138311783e-10,6.168416064142931e-10,7.042553639688822e-10,3.81025750192087e-10,7.340675257863204e-09,4.484746033168909e+18,1.25663428188e-06
1,-28.57262903148509,0.8095853806037469,2.4496593782960143e-08,2.147559549782117e-07,6.251322488901174e-10,7.089340013560045e-10,6.532501369156434e-10,4.071117520941483e-10,7.2688076941804985e-09,1.254766547702036e+19,7.065251138311783e-10,6.168416064142931e-10,7.042553639688822e-10,3.81025750192087e-10,7.340675257863204e-09,4.484746033168909e+18,1.6199349205446e-06
0,19.499950407375067,0.8564354310324471,2.6429387529464323e-08,2.2416811898054191e-07,6.434596172112463e-10,6.439368773021464e-10,6.601013392399327e-10,3.8922705589612516e-10,7.257851353178731e-09,1.260438877743995e+19,6.72223464479239e-10,7.009169183306305e-10,6.967363962879931e-10,3.9466652752716247e-10,7.068516300611337e-09,4.398998916155842e+18,1.888592603718e-06
1,19.499950407375067,0.8564354310324471,2.6429387529464323e-08,2.2416811898054191e-07,6.434596172112463e-10,6.439368773021464e-10,6.601013392399327e-10,3.8922705589612516e-10,7.257851353178731e-09,1.260438877743995e+19,6.72223464479239e-10,7.009169183306305e-10,6.967363962879931e-10,3.9466652752716247e-10,7.068516300611337e-09,4.398998916155842e+18,2.4212860052932e-06
0,70.00783289130676,0.7664142519719905,2.4052362740796188e-08,2.385337696646574e-07,6.634783363192716e-10,6.4605422096531e-10,6.007027322158361e-10,3.9815221494979325e-10,6.800869399316837e-09,1.1911267951037397e+19,6.398879504859702e-10,6.45847658544337e-10,6.513020291683377e-10,4.0716434917819566e-10,7.294116159478382e-09,4.560551155458152e+18,1.141419458564e-06
1,70.00783289130676,0.7664142519719905,2.4052362740796188e-08,2.385337696646574e-07,6.634783363192716e-10,6.4605422096531e-10,6.007027322158361e-10,3.9815221494979325e-10,6.800869399316837e-09,1.1911267951037397e+19,6.398879504859702e-10,6.45847658544337e-10,6.513020291683377e-10,4.0716434917819566e-10,7.294116159478382e-09,4.560551155458152e+18,1.4657989497246e-06
0,-44.23988748775153,0.7853475707957608,2.3883883284026373e-08,2.402508643959487e-07,6.59444651820465e-10,6.583054711647692e-10,6.583479002136235e-10,3.819507322901466e-10,7.58444040388356e-09,1.2225449308213772e+19,6.858887199210248e-10,6.793389043906046e-10,6.697363537165153e-10,3.8568555463693325e-10,7.444369603200587e-09,4.3163588877326863e+18,1.2268325619e-06
1,-44.23988748775153,0.7853475707957608,2.3883883284026373e-08,2.402508643959487e-07,6.59444651820465e-10,6.583054711647692e-10,6.583479002136235e-10,3.819507322901466e-10,7.58444040388356e-09,1.2225449308213772e+19,6.858887199210248e-10,6.793389043906046e-10,6.697363537165153e-10,3.8568555463693325e-10,7.444369603200587e-09,4.3163588877326863e+18,1.574258559926e-06
0,36.58362689196636,0.8724970872052582,2.3456851194519252e-08,2.500175355970837e-07,6.585803977150542e-10,6.234761637870154e-10,6.366264062876076e-10,3.9953114649885975e-10,7.096725923898579e-09,1.2261808753018049e+19,6.703257026833718e-10,7.026771445281455e-10,7.364171228728913e-10,4.1237421561264574e-10,7.076543106828909e-09,4.169051170165724e+18,1.9727883998580003e-06
1,36.58362689196636,0.8724970872052582,2.3456851194519252e-08,2.500175355970837e-07,6.585803977150542e-10,6.234761637870154e-10,6.366264062876076e-10,3.9953114649885975e-10,7.096725923898579e-09,1.2261808753018049e+19,6.703257026833718e-10,7.026771445281455e-10,7.364171228728913e-10,4.1237421561264574e-10,7.076543106828909e-09,4.169051170165724e+18,2.5504198649362e-06
0,-3.336795658341522,0.8015647088810866,2.4059704199889204e-08,2.412279502600446e-07,6.301811956343064e-10,6.547245799130876e-10,6.37852008653071e-10,3.97989403944416e-10,6.400966042556231e-09,1.205858908890502e+19,6.57206782917752e-10,6.752923577160416e-10,6.899777924081175e-10,4.137975269238116e-10,7.959319944095092e-09,4.4245002924369326e+18,1.3292496449599998e-06
1,-3.336795658341522,0.8015647088810866,2.4059704199889204e-08,2.412279502600446e-07,6.301811956343064e-10,6.547245799130876e-10,6.37852008653071e-10,3.97989403944416e-10,6.400966042556231e-09,1.205858908890502e+19,6.57206782917752e-10,6.752923577160416e-10,6.899777924081175e-10,4.137975269238116e-10,7.959319944095092e-09,4.4245002924369326e+18,1.7181439873296e-06
0,102.94477528725692,0.7956189940960438,2.436171721553887e-08,2.3052053636884962e-07,6.178105750797588e-10,6.77564148838283e-10,5.95233047168351e-10,3.9937727979779327e-10,7.464341721501317e-09,1.200846171949349e+19,6.869134060756845e-10,6.695201742346023e-10,6.719774174425153e-10,3.9344540662987996e-10,6.997988259082642e-09,4.271976439570842e+18,1.3425728833600003e-06
1,102.94477528725692,0.7956189940960438,2.436171721553887e-08,2.3052053636884962e-07,6.178105750797588e-10,6.77564148838283e-10,5.95233047168351e-10,3.9937727979779327e-10,7.464341721501317e-09,1.200846171949349e+19,6.869134060756845e-10,6.695201742346023e-10,6.719774174425153e-10,3.9344540662987996e-10,6.997988259082642e-09,4.271976439570842e+18,1.7212024005080001e-06
0,80.23722123218923,0.7362861751097707,2.401895716038401e-08,2.3319267629181953e-07,6.534932777072923e-10,6.618921320826132e-10,6.357929322092071e-10,3.9368910668923837e-10,6.8105861060165025e-09,1.1770809079689044e+19,6.74218702990773e-10,6.940161917048962e-10,6.957741369297639e-10,3.9687628488215755e-10,7.357614833531007e-09,4.239203519538128e+18,9.3890890828e-07
1,80.23722123218923,0.7362861751097707,2.401895716038401e-08,2.3319267629181953e-07,6.534932777072923e-10,6.618921320826132e-10,6.357929322092071e-10,3.9368910668923837e-10,6.8105861060165025e-09,1.1770809079689044e+19,6.74218702990773e-10,6.940161917048962e-10,6.957741369297639e-10,3.9687628488215755e-10,7.357614833531007e-09,4.239203519538128e+18,1.2058553640934e-06
0,-1.7019446636597664,0.7554304077239945,2.420674475257931e-08,2.3616436593047262e-07,6.116641235851387e-10,6.504836232666191e-10,6.742245098620929e-10,3.8681303621377103e-10,6.801316150838146e-09,1.1782978827837164e+19,6.68321946172472e-10,6.591156928359693e-10,6.626771170569842e-10,4.0492812337453875e-10,7.214309071707484e-09,4.553473088966266e+18,1.0467518313880001e-06
1,-1.7019446636597664,0.7554304077239945,2.420674475257931e-08,2.3616436593047262e-07,6.116641235851387e-10,6.504836232666191e-10,6.742245098620929e-10,3.8681303621377103e-10,6.801316150838146e-09,1.1782978827837164e+19,6.68321946172472e-10,6.591156928359693e-10,6.626771170569842e-10,4.0492812337453875e-10,7.214309071707484e-09,4.553473088966266e+18,1.3430535463192e-06
0,82.13416417499252,0.7521347196890495,2.3422930150774553e-08,2.385690333237809e-07,6.689091515156857e-10,6.536683210361215e-10,6.599241166259442e-10,3.9469697801323897e-10,6.978437149697602e-09,1.212734132365872e+19,6.658096055058225e-10,6.792351064538178e-10,6.329677887686362e-10,4.15146942392921e-10,7.661300496102444e-09,4.480691427982712e+18,9.942404098500002e-07
1,82.13416417499252,0.7521347196890495,2.3422930150774553e-08,2.385690333237809e-07,6.689091515156857e-10,6.536683210361215e-10,6.599241166259442e-10,3.9469697801323897e-10,6.978437149697602e-09,1.212734132365872e+19,6.658096055058225e-10,6.792351064538178e-10,6.329677887686362e-10,4.15146942392921e-10,7.661300496102444e-09,4.480691427982712e+18,1.2872058989817e-06
0,-23.72718788894588,0.7598599458402421,2.4223939806946103e-08,2.3088904223288815e-07,7.121886037212297e-10,6.783290527408746e-10,6.753024885289072e-10,3.8467742479718215e-10,7.219009170468751e-09,1.221151478985644e+19,6.575431823161165e-10,6.715312772921524e-10,6.840509708245394e-10,4.2736842989065446e-10,6.9246630345239405e-09,4.212177217029331e+18,1.0157215198400001e-06
1,-23.72718788894588,0.7598599458402421,2.4223939806946103e-08,2.3088904223288815e-07,7.121886037212297e-10,6.783290527408746e-10,6.753024885289072e-10,3.8467742479718215e-10,7.219009170468751e-09,1.221151478985644e+19,6.575431823161165e-10,6.715312772921524e-10,6.840509708245394e-10,4.2736842989065446e-10,6.9246630345239405e-09,4.212177217029331e+18,1.3108936572945e-06
0,-6.288543421721123,0.7792307382336702,2.2637601732520468e-08,2.2952137670804508e-07,6.622939075313352e-10,6.420954786740585e-10,6.401008751921443e-10,4.1227512894819887e-10,7.460353111702551e-09,1.258024213596357e+19,6.740476038398924e-10,7.149672911795915e-10,6.331751538843831e-10,3.8387251144044896e-10,7.205915947815785e-09,4.4525995812576927e+18,1.061298248556e-06
1,-6.288543421721123,0.7792307382336702,2.2637601732520468e-08,2.2952137670804508e-07,6.622939075313352e-10,6.420954786740585e-10,6.401008751921443e-10,4.1227512894819887e-10,7.460353111702551e-09,1.258024213596357e+19,6.740476038398924e-10,7.149672911795915e-10,6.331751538843831e-10,3.8387251144044896e-10,7.205915947815785e-09,4.4525995812576927e+18,1.3694255488728e-06
0,-36.78750642876989,0.8457249080261167,2.5674563130983603e-08,2.3819249352762178e-07,6.534815014753596e-10,6.59203513531222e-10,6.971472645749794e-10,4.0923785876475636e-10,7.330360381598081e-09,1.1321894101637188e+19,6.564073189140681e-10,6.712924641900735e-10,6.65507765967891e-10,3.8861346054621654e-10,7.1695808029240514e-09,4.405577417675034e+18,1.81052964545e-06
1,-36.78750642876989,0.8457249080261167,2.5674563130983603e-08,2.3819249352762178e-07,6.534815014753596e-10,6.59203513531222e-10,6.971472645749794e-10,4.0923785876475636e-10,7.330360381598081e-09,1.1321894101637188e+19,6.564073189140681e-10,6.712924641900735e-10,6.65507765967891e-10,3.8861346054621654e-10,7.1695808029240514e-09,4.405577417675034e+18,2.32101004509e-06
0,37.27444966466274,0.7533476627191432,2.3990230365509893e-08,2.434875668308587e-07,6.645224475557552e-10,6.503461973069916e-10,6.111765615023044e-10,3.8885969052630287e-10,7.428629146213054e-09,1.1911182495617956e+19,6.745381387244598e-10,6.960250111523157e-10,7.140583635137866e-10,4.057335215561343e-10,6.8590353893060305e-09,4.57889643178104e+18,1.0239354831e-06
1,37.27444966466274,0.7533476627191432,2.3990230365509893e-08,2.434875668308587e-07,6.645224475557552e-10,6.503461973069916e-10,6.111765615023044e-10,3.8885969052630287e-10,7.428629146213054e-09,1.1911182495617956e+19,6.745381387244598e-10,6.960250111523157e-10,7.140583635137866e-10,4.057335215561343e-10,6.8590353893060305e-09,4.57889643178104e+18,1.3276287713148e-06
0,103.18454146330352,0.774596054914146,2.3322518584267192e-08,2.230702976122695e-07,6.484175402542213e-10,6.46092378960386e-10,6.323142562832218e-10,3.8775340392436985e-10,7.375237085736554e-09,1.1905054060426891e+19,6.56355554660625e-10,6.392114539556521e-10,6.455899580277825e-10,3.7311437249641335e-10,6.997228644929488e-09,4.392414801336908e+18,1.045392301569e-06
1,103.18454146330352,0.774596054914146,2.3322518584267192e-08,2.230702976122695e-07,6.484175402542213e-10,6.46092378960386e-10,6.323142562832218e-10,3.8775340392436985e-10,7.375237085736554e-09,1.1905054060426891e+19,6.56355554660625e-10,6.392114539556521e-10,6.455899580277825e-10,3.7311437249641335e-10,6.997228644929488e-09,4.392414801336908e+18,1.35725320739e-06
0,67.87471408360626,0.8330893317859316,2.2851306855596995e-08,2.450420137383611e-07,6.708863420809224e-10,5.971588140299837e-10,6.495543510819523e-10,3.9668026384868506e-10,6.4253045203932115e-09,1.1922892142423069e+19,6.550982938202021e-10,6.836857415810644e-10,6.80502170537689e-10,3.7179536852005374e-10,7.200014951079345e-09,4.1046171782100736e+18,1.545880908936e-06
1,67.87471408360626,0.8330893317859316,2.2851306855596995e-08,2.450420137383611e-07,6.708863420809224e-10,5.971588140299837e-10,6.495543510819523e-10,3.9668026384868506e-10,6.4253045203932115e-09,1.1922892142423069e+19,6.550982938202021e-10,6.836857415810644e-10,6.80502170537689e-10,3.7179536852005374e-10,7.200014951079345e-09,4.1046171782100736e+18,2.0016324044833e-06
0,98.65807584414816,0.8627933104845974,2.5373767743290448e-08,2.337517531633464e-07,6.650451179787733e-10,6.422140161693597e-10,6.51065180512242e-10,3.995564778309667e-10,7.200440302339299e-09,1.2145939621553916e+19,6.449139029512719e-10,6.884808766937842e-10,6.375704451058117e-10,3.8502707083571416e-10,7.047291348453952e-09,4.611981801859671e+18,1.96967983497e-06
1,98.65807584414816,0.8627933104845974,2.5373767743290448e-08,2.337517531633464e-07,6.650451179787733e-10,6.422140161693597e-10,6.51065180512242e-10,3.995564778309667e-10,7.200440302339299e-09,1.2145939621553916e+19,6.449139029512719e-10,6.884808766937842e-10,6.375704451058117e-10,3.8502707083571416e-10,7.047291348453952e-09,4.611981801859671e+18,2.5442415000323e-06
0,3.05309304438002,0.8644716357191811,2.5045956154841508e-08,2.3379895078876292e-07,6.333245810504267e-10,6.580307780427564e-10,6.586042720323198e-10,3.9347723396070046e-10,7.342126904241294e-09,1.1820677949770858e+19,6.706258525698661e-10,6.651472952360567e-10,6.533933550708128e-10,4.0463502595215305e-10,7.079754858120716e-09,4.596091252353443e+18,1.85002237144e-06
1,3.05309304438002,0.8644716357191811,2.5045956154841508e-08,2.3379895078876292e-07,6.333245810504267e-10,6.580307780427564e-10,6.586042720323198e-10,3.9347723396070046e-10,7.342126904241294e-09,1.1820677949770858e+19,6.706258525698661e-10,6.651472952360567e-10,6.533933550708128e-10,4.0463502595215305e-10,7.079754858120716e-09,4.596091252353443e+18,2.3959690322892e-06
0,71.40431655316199,0.8387116294262281,2.38715217970647e-08,2.3169129217498844e-07,6.224282684475843e-10,6.502521978645952e-10,6.080320454338053e-10,3.9022290926184357e-10,7.245442583373445e-09,1.2038909985767086e+19,7.017566985951633e-10,6.3910709200216e-10,6.87647759368681e-10,3.865666825003128e-10,7.162813811020219e-09,4.516480093307858e+18,1.615672507512e-06
1,71.40431655316199,0.8387116294262281,2.38715217970647e-08,2.3169129217498844e-07,6.224282684475843e-10,6.502521978645952e-10,6.080320454338053e-10,3.9022290926184357e-10,7.245442583373445e-09,1.2038909985767086e+19,7.017566985951633e-10,6.3910709200216e-10,6.87647759368681e-10,3.865666825003128e-10,7.162813811020219e-09,4.516480093307858e+18,2.0793709910924e-06
0,-15.597920601830062,0.7862222072410762,2.4331289221268783e-08,2.248548435795458e-07,6.789370937297535e-10,6.490813793343706e-10,6.350087763535929e-10,3.850112950606784e-10,7.210804536689151e-09,1.2104566957451538e+19,6.924182963535902e-10,6.441484106343375e-10,6.781767338005595e-10,3.7028677475344566e-10,7.231850210036499e-09,3.9939034328639263e+18,1.17829125996e-06
1,-15.597920601830062,0.7862222072410762,2.4331289221268783e-08,2.248548435795458e-07,6.789370937297535e-10,6.490813793343706e-10,6.350087763535929e-10,3.850112950606784e-10,7.210804536689151e-09,1.2104566957451538e+19,6.924182963535902e-10,6.441484106343375e-10,6.781767338005595e-10,3.7028677475344566e-10,7.231850210036499e-09,3.9939034328639263e+18,1.513001774944e-06
0,48.22280654955428,0.7254910087345421,2.4598745572283926e-08,2.2913638106744796e-07,6.953248961061685e-10,6.916483181590104e-10,6.550113997961067e-10,4.0814118176193925e-10,7.350976169169498e-09,1.1936124468677528e+19,6.388292827267082e-10,6.937614232412068e-10,6.557133152684754e-10,3.9039534404572217e-10,7.408013035824398e-09,4.5572152324976046e+18,8.796378735320001e-07
1,48.22280654955428,0.7254910087345421,2.4598745572283926e-08,2.2913638106744796e-07,6.953248961061685e-10,6.916483181590104e-10,6.550113997961067e-10,4.0814118176193925e-10,7.350976169169498e-09,1.1936124468677528e+19,6.388292827267082e-10,6.937614232412068e-10,6.557133152684754e-10,3.9039534404572217e-10,7.408013035824398e-09,4.5572152324976046e+18,1.128464600239e-06
0,-19.15324300187953,0.7927171064072356,2.351995632156471e-08,2.356644032183407e-07,6.3124873433383e-10,6.337020260737523e-10,6.395818053126211e-10,3.80543970268544e-10,7.170079850416099e-09,1.1273791881634122e+19,6.867407341038144e-10,6.822414383907123e-10,6.591169604233072e-10,3.8230379702564167e-10,7.356647434053621e-09,4.639427750005831e+18,1.1935813829000001e-06
1,-19.15324300187953,0.7927171064072356,2.351995632156471e-08,2.356644032183407e-07,6.3124873433383e-10,6.337020260737523e-10,6.395818053126211e-10,3.80543970268544e-10,7.170079850416099e-09,1.1273791881634122e+19,6.867407341038144e-10,6.822414383907123e-10,6.591169604233072e-10,3.8230379702564167e-10,7.356647434053621e-09,4.639427750005831e+18,1.5459068734292e-06
0,71.10707474999711,0.8268613168645983,2.3501623614119394e-08,2.399158573827514e-07,6.214204129793562e-10,6.520640224109982e-10,6.640041096943599e-10,3.728624755133115e-10,6.806848104794695e-09,1.217883343872283e+19,6.340989773994431e-10,6.566440395589795e-10,6.736593895261984e-10,4.093669664958259e-10,6.980083115010895e-09,4.329760107280498e+18,1.5613697586369999e-06
1,71.10707474999711,0.8268613168645983,2.3501623614119394e-08,2.399158573827514e-07,6.214204129793562e-10,6.520640224109982e-10,6.640041096943599e-10,3.728624755133115e-10,6.806848104794695e-09,1.217883343872283e+19,6.340989773994431e-10,6.566440395589795e-10,6.736593895261984e-10,4.093669664958259e-10,6.980083115010895e-09,4.329760107280498e+18,2.0056729321338e-06
0,-52.00244847038122,0.8009795919470287,2.4457159026990327e-08,2.2527115021375577e-07,6.819915146218731e-10,6.55385947707864e-10,6.515165783017077e-10,4.0432584618310406e-10,7.3151013946121555e-09,1.2114480502683376e+19,6.32819508640758e-10,6.705966309854193e-10,6.640877711925072e-10,4.07039365167297e-10,6.9764996992588e-09,4.448131873827317e+18,1.2391550447999999e-06
1,-52.00244847038122,0.8009795919470287,2.4457159026990327e-08,2.2527115021375577e-07,6.819915146218731e-10,6.55385947707864e-10,6.515165783017077e-10,4.0432584618310406e-10,7.3151013946121555e-09,1.2114480502683376e+19,6.32819508640758e-10,6.705966309854193e-10,6.640877711925072e-10,4.07039365167297e-10,6.9764996992588e-09,4.448131873827317e+18,1.600581069708e-06
0,108.80476328385993,0.7930425327499737,2.4158342575205245e-08,2.4035524352229515e-07,6.668443698997077e-10,6.071960428833037e-10,6.474065323447731e-10,3.974097746011164e-10,7.0003933703361505e-09,1.1243193706571717e+19,6.776058694265138e-10,7.019782096499668e-10,6.404941393009791e-10,3.858680368545577e-10,7.350863051419536e-09,4.453757585699634e+18,1.31770913434e-06
1,108.80476328385993,0.7930425327499737,2.4158342575205245e-08,2.4035524352229515e-07,6.668443698997077e-10,6.071960428833037e-10,6.474065323447731e-10,3.974097746011164e-10,7.0003933703361505e-09,1.1243193706571717e+19,6.776058694265138e-10,7.019782096499668e-10,6.404941393009791e-10,3.858680368545577e-10,7.350863051419536e-09,4.453757585699634e+18,1.7056790070625002e-06
0,41.4796846521303,0.8281148105826669,2.4201625966641732e-08,2.325077550886737e-07,6.289961249570392e-10,6.279507605305072e-10,6.274197656518975e-10,3.911332289099339e-10,6.971407188504284e-09,1.2443372955174056e+19,6.551189727024561e-10,7.298770022287211e-10,6.959560324156471e-10,3.874193109491899e-10,7.603147368144533e-09,4.113923890225277e+18,1.539187254997e-06
1,41.4796846521303,0.8281148105826669,2.4201625966641732e-08,2.325077550886737e-07,6.289961249570392e-10,6.279507605305072e-10,6.274197656518975e-10,3.911332289099339e-10,6.971407188504284e-09,1.2443372955174056e+19,6.551189727024561e-10,7.298770022287211e-10,6.959560324156471e-10,3.874193109491899e-10,7.603147368144533e-09,4.113923890225277e+18,1.9797435023674e-06
0,100.68860184042978,0.8245514454785736,2.409590898665809e-08,2.205763162651222e-07,6.60189644902697e-10,6.283785256162512e-10,6.619132051082447e-10,4.021551095048993e-10,7.026644289847184e-09,1.272797791600662e+19,7.191839154019752e-10,6.74449623927087e-10,6.507718342634798e-10,4.1985398939089035e-10,7.310439639980002e-09,4.365478289924826e+18,1.414304289698e-06
1,100.68860184042978,0.8245514454785736,2.409590898665809e-08,2.205763162651222e-07,6.60189644902697e-10,6.283785256162512e-10,6.619132051082447e-10,4.021551095048993e-10,7.026644289847184e-09,1.272797791600662e+19,7.191839154019752e-10,6.74449623927087e-10,6.507718342634798e-10,4.1985398939089035e-10,7.310439639980002e-09,4.365478289924826e+18,1.8333305874584e-06
0,-21.03567802461444,0.8344729687739987,2.488254183399359e-08,2.302644704207325e-07,6.092715411817957e-10,6.526371074175255e-10,6.282027526583488e-10,4.413155775238046e-10,7.144542762191628e-09,1.2177386380456704e+19,6.772130666305464e-10,6.521966599535512e-10,6.738468364078126e-10,4.097086094124607e-10,7.3527284534826455e-09,4.097395662313848e+18,1.5317770864599999e-06
1,-21.03567802461444,0.8344729687739987,2.488254183399359e-08,2.302644704207325e-07,6.092715411817957e-10,6.526371074175255e-10,6.282027526583488e-10,4.413155775238046e-10,7.144542762191628e-09,1.2177386380456704e+19,6.772130666305464e-10,6.521966599535512e-10,6.738468364078126e-10,4.097086094124607e-10,7.3527284534826455e-09,4.097395662313848e+18,1.985282281986e-06
0,-24.19332534572736,0.7411041377895583,2.1401093024162373e-08,2.3783839464704015e-07,6.508405849460535e-10,6.487260474042724e-10,6.323161518860581e-10,4.239611746544428e-10,7.459520092650784e-09,1.2673080126943408e+19,6.668094088185874e-10,6.744458987130166e-10,7.043962269557809e-10,3.9456972342376736e-10,7.1319069548569315e-09,4.493012562776754e+18,8.257219460239999e-07
1,-24.19332534572736,0.7411041377895583,2.1401093024162373e-08,2.3783839464704015e-07,6.508405849460535e-10,6.487260474042724e-10,6.323161518860581e-10,4.239611746544428e-10,7.459520092650784e-09,1.2673080126943408e+19,6.668094088185874e-10,6.744458987130166e-10,7.043962269557809e-10,3.9456972342376736e-10,7.1319069548569315e-09,4.493012562776754e+18,1.0697601140088998e-06
0,78.98803070191414,0.797125344759057,2.4081691885119613e-08,2.3211872270498768e-07,6.411918462504892e-10,6.384442475177231e-10,6.496204786570446e-10,4.053605461015168e-10,7.0987973594587e-09,1.1795159729487608e+19,6.992202948024523e-10,6.794394557887201e-10,7.230231145742998e-10,3.989828599899804e-10,7.460832283474836e-09,4.386998398586791e+18,1.3202485652799998e-06
1,78.98803070191414,0.797125344759057,2.4081691885119613e-08,2.3211872270498768e-07,6.411918462504892e-10,6.384442475177231e-10,6.496204786570446e-10,4.053605461015168e-10,7.0987973594587e-09,1.1795159729487608e+19,6.992202948024523e-10,6.794394557887201e-10,7.230231145742998e-10,3.989828599899804e-10,7.460832283474836e-09,4.386998398586791e+18,1.6963378645718e-06
0,-43.46585578168257,0.791001058322035,2.276259830846905e-08,2.3448817262672652e-07,6.54512104404064e-10,6.385545657766987e-10,6.609423979018979e-10,3.871518806942374e-10,7.424983664425138e-09,1.2114627167782375e+19,6.725585480528172e-10,6.474878210423828e-10,6.434308683444438e-10,4.1959336728542124e-10,7.173865068345581e-09,4.265350825627469e+18,1.13970445888e-06
1,-43.46585578168257,0.791001058322035,2.276259830846905e-08,2.3448817262672652e-07,6.54512104404064e-10,6.385545657766987e-10,6.609423979018979e-10,3.871518806942374e-10,7.424983664425138e-09,1.2114627167782375e+19,6.725585480528172e-10,6.474878210423828e-10,6.434308683444438e-10,4.1959336728542124e-10,7.173865068345581e-09,4.265350825627469e+18,1.4738138305057e-06
0,4.188690330448729,0.8242726101680111,2.4781718296405342e-08,2.3726758848712753e-07,6.70054617323063e-10,6.08804359157211e-10,6.638279074936349e-10,3.7938905399759586e-10,6.8891708343750475e-09,1.2307760757171171e+19,6.88064325193397e-10,6.684421587303184e-10,6.52879034913142e-10,3.854191022509017e-10,6.8145403458983505e-09,4.0265217382792745e+18,1.505528393192e-06
1,4.188690330448729,0.8242726101680111,2.4781718296405342e-08,2.3726758848712753e-07,6.70054617323063e-10,6.08804359157211e-10,6.638279074936349e-10,3.7938905399759586e-10,6.8891708343750475e-09,1.2307760757171171e+19,6.88064325193397e-10,6.684421587303184e-10,6.52879034913142e-10,3.854191022509017e-10,6.8145403458983505e-09,4.0265217382792745e+18,1.9510114654976e-06
0,76.10829583399652,0.7594486218616501,2.387862824107006e-08,2.2453517950975227e-07,6.500483332364701e-10,6.416248144491823e-10,6.624054941155588e-10,3.9287455765298105e-10,7.232749583185484e-09,1.2000536454094836e+19,6.981338042337638e-10,6.707702939154632e-10,6.74283206095453e-10,4.0604779274502604e-10,7.097259830445906e-09,4.668522757016287e+18,1.007230608624e-06
1,76.10829583399652,0.7594486218616501,2.387862824107006e-08,2.2453517950975227e-07,6.500483332364701e-10,6.416248144491823e-10,6.624054941155588e-10,3.9287455765298105e-10,7.232749583185484e-09,1.2000536454094836e+19,6.981338042337638e-10,6.707702939154632e-10,6.74283206095453e-10,4.0604779274502604e-10,7.097259830445906e-09,4.668522757016287e+18,1.298847479295e-06
0,28.842239513480948,0.807329507882502,2.4322377292609526e-08,2.259599308296545e-07,6.660016298999924e-10,7.026099188337761e-10,6.69963024906116e-10,4.062228675660653e-10,7.492090328473927e-09,1.166735997244669e+19,6.443018399039926e-10,6.577122942771201e-10,6.614286951895623e-10,4.280885863345616e-10,7.3051109706216455e-09,4.18869137048248e+18,1.342005138594e-06
1,28.842239513480948,0.807329507882502,2.4322377292609526e-08,2.259599308296545e-07,6.660016298999924e-10,7.026099188337761e-10,6.69963024906116e-10,4.062228675660653e-10,7.492090328473927e-09,1.166735997244669e+19,6.443018399039926e-10,6.577122942771201e-10,6.614286951895623e-10,4.280885863345616e-10,7.3051109706216455e-09,4.18869137048248e+18,1.7248561294250003e-06
0,53.550214397346565,0.8216573168043986,2.3378310287958838e-08,2.3171054441747924e-07,6.579976547542217e-10,6.813476527682285e-10,6.649371279678048e-10,3.945425865563391e-10,7.71273396731824e-09,1.1884359667563055e+19,6.793814106133536e-10,6.4103267006578e-10,6.594716916062948e-10,4.119018734458352e-10,7.2742367878439734e-09,4.447873350503967e+18,1.4084712054299997e-06
1,53.550214397346565,0.8216573168043986,2.3378310287958838e-08,2.3171054441747924e-07,6.579976547542217e-10,6.813476527682285e-10,6.649371279678048e-10,3.945425865563391e-10,7.71273396731824e-09,1.1884359667563055e+19,6.793814106133536e-10,6.4103267006578e-10,6.594716916062948e-10,4.119018734458352e-10,7.2742367878439734e-09,4.447873350503967e+18,1.8203967662681997e-06
0,-11.809690004774076,0.8359287234308801,2.4936248308858132e-08,2.3626718416859202e-07,6.636738509985924e-10,6.678548431229071e-10,6.628550927653998e-10,4.1830050053316784e-10,7.020936993736961e-09,1.1613902773051044e+19,6.836893931742382e-10,6.394226429100555e-10,6.605431672880956e-10,4.251809567320786e-10,7.612954542329451e-09,4.2792104725645353e+18,1.6681939562399999e-06
1,-11.809690004774076,0.8359287234308801,2.4936248308858132e-08,2.3626718416859202e-07,6.636738509985924e-10,6.678548431229071e-10,6.628550927653998e-10,4.1830050053316784e-10,7.020936993736961e-09,1.1613902773051044e+19,6.836893931742382e-10,6.394226429100555e-10,6.605431672880956e-10,4.251809567320786e-10,7.612954542329451e-09,4.2792104725645353e+18,2.1397120824768e-06
0,59.10243975919494,0.8786010719684352,2.4385566956295828e-08,2.322040982978795e-07,6.485672673204486e-10,6.012322148538495e-10,6.92058903924725e-10,4.1891936992037805e-10,7.122449876323724e-09,1.1959761691971453e+19,6.351682997142474e-10,6.479190498940897e-10,6.880437338315849e-10,4.0642628021247937e-10,7.314189217069763e-09,4.422709666111786e+18,2.029603073168e-06
1,59.10243975919494,0.8786010719684352,2.4385566956295828e-08,2.322040982978795e-07,6.485672673204486e-10,6.012322148538495e-10,6.92058903924725e-10,4.1891936992037805e-10,7.122449876323724e-09,1.1959761691971453e+19,6.351682997142474e-10,6.479190498940897e-10,6.880437338315849e-10,4.0642628021247937e-10,7.314189217069763e-09,4.422709666111786e+18,2.6100658275006003e-06
0,69.7643144417918,0.777640330829654,2.41901903512667e-08,2.1680347567724907e-07,6.030310141296293e-10,6.448426358576585e-10,6.582630666488641e-10,3.789827980408274e-10,7.050573398128622e-09,1.233954290102291e+19,6.925801027259002e-10,6.817115758187051e-10,6.831131431825907e-10,4.0581197920506625e-10,6.5916268264450235e-09,4.643455689966176e+18,1.100606657982e-06
1,69.7643144417918,0.777640330829654,2.41901903512667e-08,2.1680347567724907e-07,6.030310141296293e-10,6.448426358576585e-10,6.582630666488641e-10,3.789827980408274e-10,7.050573398128622e-09,1.233954290102291e+19,6.925801027259002e-10,6.817115758187051e-10,6.831131431825907e-10,4.0581197920506625e-10,6.5916268264450235e-09,4.643455689966176e+18,1.4153752351339001e-06
0,76.38428276889519,0.864881036570577,2.40401662478072e-08,2.3116783242960582e-07,6.584167662631863e-10,6.563718842557745e-10,6.649515380916074e-10,4.080501738320332e-10,7.152673791017081e-09,1.2194336128420684e+19,6.767740207027178e-10,6.659834608177748e-10,6.693571833638264e-10,4.0253617996085004e-10,7.349828818574895e-09,4.256342337014849e+18,1.80992585442e-06
1,76.38428276889519,0.864881036570577,2.40401662478072e-08,2.3116783242960582e-07,6.584167662631863e-10,6.563718842557745e-10,6.649515380916074e-10,4.080501738320332e-10,7.152673791017081e-09,1.2194336128420684e+19,6.767740207027178e-10,6.659834608177748e-10,6.693571833638264e-10,4.0253617996085004e-10,7.349828818574895e-09,4.256342337014849e+18,2.345663411774e-06
0,35.86371143025147,0.8411654447132761,2.40258506569236e-08,2.264306122029211e-07,6.350483520623439e-10,6.211165113459171e-10,6.509536034115003e-10,3.8082641154206556e-10,7.187337233390182e-09,1.2376003542640978e+19,7.065546243187834e-10,6.651665880209363e-10,6.296107846686621e-10,3.8850946962923847e-10,7.3723467919395e-09,4.265019094753985e+18,1.5632835234239999e-06
1,35.86371143025147,0.8411654447132761,2.40258506569236e-08,2.264306122029211e-07,6.350483520623439e-10,6.211165113459171e-10,6.509536034115003e-10,3.8082641154206556e-10,7.187337233390182e-09,1.2376003542640978e+19,7.065546243187834e-10,6.651665880209363e-10,6.296107846686621e-10,3.8850946962923847e-10,7.3723467919395e-09,4.265019094753985e+18,2.0181134303542e-06
0,0.0689935853024223,0.853246391934405,2.434878550824378e-08,2.334696693383448e-07,6.560202523824656e-10,6.346907342837711e-10,6.791806409769531e-10,4.2307019154237817e-10,6.88310036481441e-09,1.1900342232659997e+19,6.738965353003172e-10,7.033686417991866e-10,6.911258139902836e-10,4.292540655613831e-10,7.375622122107123e-09,4.3930136596002734e+18,1.7000112234e-06
1,0.0689935853024223,0.853246391934405,2.434878550824378e-08,2.334696693383448e-07,6.560202523824656e-10,6.346907342837711e-10,6.791806409769531e-10,4.2307019154237817e-10,6.88310036481441e-09,1.1900342232659997e+19,6.738965353003172e-10,7.033686417991866e-10,6.911258139902836e-10,4.292540655613831e-10,7.375622122107123e-09,4.3930136596002734e+18,2.1997132678208e-06
0,-13.629040311271233,0.8348664341631025,2.284225138715669e-08,2.207519015943215e-07,6.664792352341388e-10,6.439466381919892e-10,6.94846334603611e-10,4.016528211774515e-10,6.647491987471056e-09,1.1543170769517578e+19,6.295000510808053e-10,6.741187682064115e-10,6.729536598289836e-10,3.85377312070689e-10,7.052649224500525e-09,4.272660231131256e+18,1.3438888410600002e-06
1,-13.629040311271233,0.8348664341631025,2.284225138715669e-08,2.207519015943215e-07,6.664792352341388e-10,6.439466381919892e-10,6.94846334603611e-10,4.016528211774515e-10,6.647491987471056e-09,1.1543170769517578e+19,6.295000510808053e-10,6.741187682064115e-10,6.729536598289836e-10,3.85377312070689e-10,7.052649224500525e-09,4.272660231131256e+18,1.7445913135376e-06
0,-22.35092503851302,0.7844383938772062,2.4865148643918277e-08,2.339685334747793e-07,6.182476309964315e-10,6.356374958498674e-10,7.015487806621043e-10,4.0749507943801503e-10,7.3179018994817944e-09,1.1605430525994803e+19,6.650192192007846e-10,6.79914640720491e-10,6.661980977181689e-10,4.110138932619473e-10,7.091139605113461e-09,4.323969106680024e+18,1.1850622687800003e-06
1,-22.35092503851302,0.7844383938772062,2.4865148643918277e-08,2.339685334747793e-07,6.182476309964315e-10,6.356374958498674e-10,7.015487806621043e-10,4.0749507943801503e-10,7.3179018994817944e-09,1.1605430525994803e+19,6.650192192007846e-10,6.79914640720491e-10,6.661980977181689e-10,4.110138932619473e-10,7.091139605113461e-09,4.323969106680024e+18,1.5374186581688001e-06
0,-40.28919030779309,0.7911058074849007,2.43099860354933e-08,2.269506523946143e-07,6.350885536757532e-10,6.828342855409825e-10,6.769817126435016e-10,3.9446903721011816e-10,7.403313497579884e-09,1.161931892400056e+19,6.959811860623875e-10,6.691806453787257e-10,6.815206629602409e-10,4.246277019193257e-10,7.073102233827963e-09,4.1027925949489367e+18,1.1791392909900001e-06
1,-40.28919030779309,0.7911058074849007,2.43099860354933e-08,2.269506523946143e-07,6.350885536757532e-10,6.828342855409825e-10,6.769817126435016e-10,3.9446903721011816e-10,7.403313497579884e-09,1.161931892400056e+19,6.959811860623875e-10,6.691806453787257e-10,6.815206629602409e-10,4.246277019193257e-10,7.073102233827963e-09,4.1027925949489367e+18,1.5235733075114e-06
0,42.466747279408224,0.8448491278716601,2.3786181532574914e-08,2.430739918327839e-07,6.50255185823436e-10,6.686667953698843e-10,6.726412820360908e-10,4.0180927109849227e-10,7.371306244049708e-09,1.2141400566696137e+19,6.381136045133113e-10,6.755204702260373e-10,6.832641607104047e-10,4.0114833032507967e-10,7.388143128369677e-09,4.387519803991472e+18,1.669282734588e-06
1,42.466747279408224,0.8448491278716601,2.3786181532574914e-08,2.430739918327839e-07,6.50255185823436e-10,6.686667953698843e-10,6.726412820360908e-10,4.0180927109849227e-10,7.371306244049708e-09,1.2141400566696137e+19,6.381136045133113e-10,6.755204702260373e-10,6.832641607104047e-10,4.0114833032507967e-10,7.388143128369677e-09,4.387519803991472e+18,2.1647098456208e-06
0,-52.960992005715774,0.7791249064002942,2.5878665775897693e-08,2.3084502919987632e-07,6.525181859877112e-10,6.26343720842464e-10,6.381206775300876e-10,3.9045055925186357e-10,6.9815549964989685e-09,1.167542412458785e+19,6.495687083503043e-10,6.719301027459304e-10,6.55085363507231e-10,3.948699014020323e-10,7.222900328895861e-09,4.407649954432137e+18,1.2043920875999999e-06
1,-52.960992005715774,0.7791249064002942,2.5878665775897693e-08,2.3084502919987632e-07,6.525181859877112e-10,6.26343720842464e-10,6.381206775300876e-10,3.9045055925186357e-10,6.9815549964989685e-09,1.167542412458785e+19,6.495687083503043e-10,6.719301027459304e-10,6.55085363507231e-10,3.948699014020323e-10,7.222900328895861e-09,4.407649954432137e+18,1.5513262778213998e-06
0,25.374128221445275,0.8381898745616799,2.493312788973916e-08,2.3569112542447038e-07,6.659782523526433e-10,6.331896160158961e-10,6.429177680152456e-10,4.0166722550292076e-10,7.466086349436699e-09,1.2070986276938492e+19,6.487184771182985e-10,6.665333557590355e-10,6.757135872027918e-10,4.170650891206244e-10,7.376282779455792e-09,4.2898336543229855e+18,1.6875272831759998e-06
1,25.374128221445275,0.8381898745616799,2.493312788973916e-08,2.3569112542447038e-07,6.659782523526433e-10,6.331896160158961e-10,6.429177680152456e-10,4.0166722550292076e-10,7.466086349436699e-09,1.2070986276938492e+19,6.487184771182985e-10,6.665333557590355e-10,6.757135872027918e-10,4.170650891206244e-10,7.376282779455792e-09,4.2898336543229855e+18,2.1698401936239e-06
0,-37.24894742513433,0.8323972965690545,2.429935263399024e-08,2.351523327611791e-07,6.36809346697134e-10,6.702426993897497e-10,6.531650403967691e-10,3.7252159322382686e-10,7.1610756061466796e-09,1.1428748808596052e+19,6.833209171997938e-10,6.765859251331824e-10,6.757601877045798e-10,4.041040553839543e-10,7.213779493288194e-09,4.446416126422888e+18,1.5189307349e-06
1,-37.24894742513433,0.8323972965690545,2.429935263399024e-08,2.351523327611791e-07,6.36809346697134e-10,6.702426993897497e-10,6.531650403967691e-10,3.7252159322382686e-10,7.1610756061466796e-09,1.1428748808596052e+19,6.833209171997938e-10,6.765859251331824e-10,6.757601877045798e-10,4.041040553839543e-10,7.213779493288194e-09,4.446416126422888e+18,1.9644514097925e-06
0,101.54056148794427,0.7214754279618658,2.380449622320542e-08,2.380681070312083e-07,6.283094596700094e-10,6.586002663337714e-10,6.528228229893108e-10,3.960228875007647e-10,7.191083465634391e-09,1.1713573072215742e+19,6.62843033651058e-10,6.923158225424672e-10,6.823713114842697e-10,4.0513218593582385e-10,7.000136359856724e-09,4.459557574622265e+18,8.4942908424e-07
1,101.54056148794427,0.7214754279618658,2.380449622320542e-08,2.380681070312083e-07,6.283094596700094e-10,6.586002663337714e-10,6.528228229893108e-10,3.960228875007647e-10,7.191083465634391e-09,1.1713573072215742e+19,6.62843033651058e-10,6.923158225424672e-10,6.823713114842697e-10,4.0513218593582385e-10,7.000136359856724e-09,4.459557574622265e+18,1.0990653444432e-06
0,88.01931761381945,0.8050328501590143,2.3488873924242332e-08,2.348080175286541e-07,6.737961483050053e-10,6.132649333295002e-10,6.195467267659786e-10,3.8741349631894137e-10,7.106079610706347e-09,1.311200183298854e+19,6.759166973449592e-10,6.686615569690946e-10,6.601551333183032e-10,3.8175016580790887e-10,7.205492441615202e-09,4.476195036111691e+18,1.3806607249349999e-06
1,88.01931761381945,0.8050328501590143,2.3488873924242332e-08,2.348080175286541e-07,6.737961483050053e-10,6.132649333295002e-10,6.195467267659786e-10,3.8741349631894137e-10,7.106079610706347e-09,1.311200183298854e+19,6.759166973449592e-10,6.686615569690946e-10,6.601551333183032e-10,3.8175016580790887e-10,7.205492441615202e-09,4.476195036111691e+18,1.7697186398799e-06
0,70.83481148162652,0.8388683907798409,2.5791858885125473e-08,2.434061547305626e-07,6.591638930357618e-10,6.535487620501708e-10,6.624844493886168e-10,4.1571661581204197e-10,7.039175127084832e-09,1.1745523330966835e+19,6.70684722008487e-10,6.584486359000622e-10,7.104919258813545e-10,3.8817754638077917e-10,7.289609762566071e-09,4.63632741887285e+18,1.8486656358240002e-06
1,70.83481148162652,0.8388683907798409,2.5791858885125473e-08,2.434061547305626e-07,6.591638930357618e-10,6.535487620501708e-10,6.624844493886168e-10,4.1571661581204197e-10,7.039175127084832e-09,1.1745523330966835e+19,6.70684722008487e-10,6.584486359000622e-10,7.104919258813545e-10,3.8817754638077917e-10,7.289609762566071e-09,4.63632741887285e+18,2.3772374546639997e-06
0,111.45565077962678,0.8613597507148902,2.466039700122954e-08,2.196745806667753e-07,6.058283807222796e-10,6.710465069352427e-10,6.50232084566894e-10,3.9344350729881665e-10,7.254297745563095e-09,1.2300931275352732e+19,6.700593358595973e-10,6.909009953915908e-10,6.662585691385405e-10,3.952899149756908e-10,6.840637604189797e-09,4.2343516104849367e+18,1.8050673809120003e-06
1,111.45565077962678,0.8613597507148902,2.466039700122954e-08,2.196745806667753e-07,6.058283807222796e-10,6.710465069352427e-10,6.50232084566894e-10,3.9344350729881665e-10,7.254297745563095e-09,1.2300931275352732e+19,6.700593358595973e-10,6.909009953915908e-10,6.662585691385405e-10,3.952899149756908e-10,6.840637604189797e-09,4.2343516104849367e+18,2.3282487071144e-06
0,3.7484915059975776,0.8195773811962175,2.3739858679775913e-08,2.3085049469485376e-07,6.452097606244627e-10,6.76435571747507e-10,6.294910932195778e-10,3.788892309715709e-10,6.7157212566286855e-09,1.2123811896019057e+19,6.958576854076993e-10,6.698843034825801e-10,7.218573171009057e-10,3.9753634430042224e-10,7.057878686132387e-09,4.063724180894193e+18,1.3987601736359999e-06
1,3.7484915059975776,0.8195773811962175,2.3739858679775913e-08,2.3085049469485376e-07,6.452097606244627e-10,6.76435571747507e-10,6.294910932195778e-10,3.788892309715709e-10,6.7157212566286855e-09,1.2123811896019057e+19,6.958576854076993e-10,6.698843034825801e-10,7.218573171009057e-10,3.9753634430042224e-10,7.057878686132387e-09,4.063724180894193e+18,1.8033552120748e-06
0,-16.62357659535185,0.7639747331856789,2.227877701666155e-08,2.3982902912289243e-07,6.386847594173366e-10,6.466217410339676e-10,6.445737699995288e-10,4.0109854018279146e-10,7.61610167775347e-09,1.186069235568306e+19,6.648078436701371e-10,6.762162118263834e-10,6.881222746069849e-10,4.0446070997723834e-10,7.479122377670469e-09,4.380310812475243e+18,9.73894039e-07
1,-16.62357659535185,0.7639747331856789,2.227877701666155e-08,2.3982902912289243e-07,6.386847594173366e-10,6.466217410339676e-10,6.445737699995288e-10,4.0109854018279146e-10,7.61610167775347e-09,1.186069235568306e+19,6.648078436701371e-10,6.762162118263834e-10,6.881222746069849e-10,4.0446070997723834e-10,7.479122377670469e-09,4.380310812475243e+18,1.2651784887677999e-06
0,36.58907325164675,0.8300135615796157,2.359794255793256e-08,2.3325107192529445e-07,6.161687206425123e-10,6.476340393460925e-10,6.181861455319233e-10,4.1229016525301727e-10,7.3973658895097385e-09,1.2266043838422725e+19,6.051145149291216e-10,6.629920835378403e-10,6.642683397136159e-10,4.056563856833586e-10,6.885643533660135e-09,4.459157926225384e+18,1.500415061949e-06
1,36.58907325164675,0.8300135615796157,2.359794255793256e-08,2.3325107192529445e-07,6.161687206425123e-10,6.476340393460925e-10,6.181861455319233e-10,4.1229016525301727e-10,7.3973658895097385e-09,1.2266043838422725e+19,6.051145149291216e-10,6.629920835378403e-10,6.642683397136159e-10,4.056563856833586e-10,6.885643533660135e-09,4.459157926225384e+18,1.9350018827594e-06
0,108.39285055387384,0.8357564841585907,2.5783758038489382e-08,2.3372911275156026e-07,6.863488106776734e-10,6.632294896511121e-10,6.285371866514702e-10,4.1252037518894093e-10,6.866103008051847e-09,1.206589000557291e+19,6.796103957774875e-10,6.40464574813059e-10,7.07575276402737e-10,3.7816072217965557e-10,7.461714193617675e-09,4.4028545551407647e+18,1.81154024016e-06
1,108.39285055387384,0.8357564841585907,2.5783758038489382e-08,2.3372911275156026e-07,6.863488106776734e-10,6.632294896511121e-10,6.285371866514702e-10,4.1252037518894093e-10,6.866103008051847e-09,1.206589000557291e+19,6.796103957774875e-10,6.40464574813059e-10,7.07575276402737e-10,3.7816072217965557e-10,7.461714193617675e-09,4.4028545551407647e+18,2.3201206400789997e-06
0,-40.20919409264338,0.8380457086218326,2.442168114903194e-08,2.3561698260724464e-07,6.250843575614282e-10,6.347824194362007e-10,6.159123146679192e-10,3.87418491752034e-10,6.86949889992216e-09,1.2091597074971107e+19,6.943577669818907e-10,7.109282907759202e-10,6.636170702390644e-10,4.2722880951996326e-10,7.033493039463373e-09,4.5363835311540265e+18,1.6107842612399999e-06
1,-40.20919409264338,0.8380457086218326,2.442168114903194e-08,2.3561698260724464e-07,6.250843575614282e-10,6.347824194362007e-10,6.159123146679192e-10,3.87418491752034e-10,6.86949889992216e-09,1.2091597074971107e+19,6.943577669818907e-10,7.109282907759202e-10,6.636170702390644e-10,4.2722880951996326e-10,7.033493039463373e-09,4.5363835311540265e+18,2.0721141742674e-06
0,-3.0762521933653773,0.7988590319176737,2.4646686748717246e-08,2.3307365214319372e-07,6.425328994966427e-10,6.474127658109001e-10,6.489777221646182e-10,3.683516187531743e-10,7.1464177177086365e-09,1.186134961056746e+19,6.957152169629769e-10,6.573012509998083e-10,6.681540552985625e-10,3.898401563634977e-10,7.504419203138414e-09,4.389071982295944e+18,1.3153380356000002e-06
1,-3.0762521933653773,0.7988590319176737,2.4646686748717246e-08,2.3307365214319372e-07,6.425328994966427e-10,6.474127658109001e-10,6.489777221646182e-10,3.683516187531743e-10,7.1464177177086365e-09,1.186134961056746e+19,6.957152169629769e-10,6.573012509998083e-10,6.681540552985625e-10,3.898401563634977e-10,7.504419203138414e-09,4.389071982295944e+18,1.693904535097e-06
0,-10.46980794445711,0.8336898292686235,2.344471585710892e-08,2.381237637946333e-07,6.279457779753481e-10,6.357777681534955e-10,6.287726571290061e-10,4.0295183384771005e-10,7.670201068162607e-09,1.1936083450045985e+19,6.43047400565874e-10,6.645778924451787e-10,7.08548522808886e-10,4.318250818524209e-10,7.2547679171292924e-09,4.17316553629032e+18,1.4954744916799998e-06
1,-10.46980794445711,0.8336898292686235,2.344471585710892e-08,2.381237637946333e-07,6.279457779753481e-10,6.357777681534955e-10,6.287726571290061e-10,4.0295183384771005e-10,7.670201068162607e-09,1.1936083450045985e+19,6.43047400565874e-10,6.645778924451787e-10,7.08548522808886e-10,4.318250818524209e-10,7.2547679171292924e-09,4.17316553629032e+18,1.9378336306294e-06
0,-42.05759927867331,0.7915301607466246,2.4905793233672086e-08,2.3530951765786884e-07,6.156949156132931e-10,6.715367559037282e-10,6.819166991219116e-10,3.8906214447645804e-10,7.124721879675079e-09,1.1334051731862729e+19,6.313080699487912e-10,6.790918819986807e-10,6.641527291650228e-10,4.1104693955553286e-10,7.135918621408835e-09,4.109865209787016e+18,1.2542292689400002e-06
1,-42.05759927867331,0.7915301607466246,2.4905793233672086e-08,2.3530951765786884e-07,6.156949156132931e-10,6.715367559037282e-10,6.819166991219116e-10,3.8906214447645804e-10,7.124721879675079e-09,1.1334051731862729e+19,6.313080699487912e-10,6.790918819986807e-10,6.641527291650228e-10,4.1104693955553286e-10,7.135918621408835e-09,4.109865209787016e+18,1.6209277969356002e-06
0,35.2395667197506,0.7572682411551076,2.3394800855121756e-08,2.3623114581563337e-07,6.434945263854181e-10,6.549175903485976e-10,6.822414777335975e-10,3.8217019993692846e-10,6.985200118624908e-09,1.177536811155322e+19,6.783930287638577e-10,6.811776005282434e-10,6.62488602582355e-10,4.068503354423428e-10,6.780156642409421e-09,4.480713126933177e+18,1.023852778688e-06
1,35.2395667197506,0.7572682411551076,2.3394800855121756e-08,2.3623114581563337e-07,6.434945263854181e-10,6.549175903485976e-10,6.822414777335975e-10,3.8217019993692846e-10,6.985200118624908e-09,1.177536811155322e+19,6.783930287638577e-10,6.811776005282434e-10,6.62488602582355e-10,4.068503354423428e-10,6.780156642409421e-09,4.480713126933177e+18,1.3172025794675999e-06
0,64.273906336495,0.7404400198393675,2.2822884512804213e-08,2.3069757684061282e-07,6.702663705297681e-10,6.467399705614408e-10,6.45958045480555e-10,3.699703710556716e-10,7.1769666423018325e-09,1.2143720531494703e+19,6.670796606440083e-10,6.586954750556676e-10,6.871998032664982e-10,3.9714172712226087e-10,7.323740104269252e-09,4.3523374832268206e+18,8.763074650540001e-07
1,64.273906336495,0.7404400198393675,2.2822884512804213e-08,2.3069757684061282e-07,6.702663705297681e-10,6.467399705614408e-10,6.45958045480555e-10,3.699703710556716e-10,7.1769666423018325e-09,1.2143720531494703e+19,6.670796606440083e-10,6.586954750556676e-10,6.871998032664982e-10,3.9714172712226087e-10,7.323740104269252e-09,4.3523374832268206e+18,1.132698882974e-06
0,-41.82949715885611,0.8582674600964726,2.2758929320491134e-08,2.4566460605789e-07,6.052834076310751e-10,6.18377126985952e-10,6.430887906614437e-10,4.049040369033855e-10,7.123156639504926e-09,1.1564135857236498e+19,6.87705386808375e-10,6.9190820731264e-10,6.509977559523313e-10,3.7282050299238875e-10,7.508743498196375e-09,4.348279018004266e+18,1.7303929125199998e-06
1,-41.82949715885611,0.8582674600964726,2.2758929320491134e-08,2.4566460605789e-07,6.052834076310751e-10,6.18377126985952e-10,6.430887906614437e-10,4.049040369033855e-10,7.123156639504926e-09,1.1564135857236498e+19,6.87705386808375e-10,6.9190820731264e-10,6.509977559523313e-10,3.7282050299238875e-10,7.508743498196375e-09,4.348279018004266e+18,2.2283047886325e-06
0,-48.83404010189801,0.8734332863795317,2.477801155979156e-08,2.3074885847657082e-07,6.454090420070074e-10,6.455660475057892e-10,6.896367766531741e-10,4.103275535949702e-10,6.919817453597203e-09,1.2196077406304592e+19,6.580419439712063e-10,6.853517492489374e-10,6.727758213026656e-10,3.8420032718990114e-10,6.948262925553874e-09,4.386132346799344e+18,1.86232909137e-06
1,-48.83404010189801,0.8734332863795317,2.477801155979156e-08,2.3074885847657082e-07,6.454090420070074e-10,6.455660475057892e-10,6.896367766531741e-10,4.103275535949702e-10,6.919817453597203e-09,1.2196077406304592e+19,6.580419439712063e-10,6.853517492489374e-10,6.727758213026656e-10,3.8420032718990114e-10,6.948262925553874e-09,4.386132346799344e+18,2.4095202020206e-06
0,38.00157036572533,0.7444281510939483,2.32855512602356e-08,2.377521887978424e-07,6.193744309291765e-10,6.343766732108798e-10,6.665129916395321e-10,3.917569855896663e-10,7.222174738189336e-09,1.2417938378706987e+19,6.647299310797711e-10,6.171654883961761e-10,7.127194219162921e-10,3.8936882376923875e-10,7.341551756798796e-09,4.420695767439064e+18,9.147607698500001e-07
1,38.00157036572533,0.7444281510939483,2.32855512602356e-08,2.377521887978424e-07,6.193744309291765e-10,6.343766732108798e-10,6.665129916395321e-10,3.917569855896663e-10,7.222174738189336e-09,1.2417938378706987e+19,6.647299310797711e-10,6.171654883961761e-10,7.127194219162921e-10,3.8936882376923875e-10,7.341551756798796e-09,4.420695767439064e+18,1.1885919833662e-06
0,23.68032936062407,0.7892660975572088,2.448532379365911e-08,2.3505192340448864e-07,6.574272636902365e-10,6.544912305433954e-10,6.680402907297726e-10,3.7630250916402764e-10,7.299588011359711e-09,1.2065181547478604e+19,6.769735568804509e-10,6.581955410962795e-10,6.392032796636372e-10,4.11117974165338e-10,7.1273926449502544e-09,4.680342477172406e+18,1.259359679277e-06
1,23.68032936062407,0.7892660975572088,2.448532379365911e-08,2.3505192340448864e-07,6.574272636902365e-10,6.544912305433954e-10,6.680402907297726e-10,3.7630250916402764e-10,7.299588011359711e-09,1.2065181547478604e+19,6.769735568804509e-10,6.581955410962795e-10,6.392032796636372e-10,4.11117974165338e-10,7.1273926449502544e-09,4.680342477172406e+18,1.6227614704339e-06
0,65.64940337212907,0.7716180840867242,2.431355369025639e-08,2.2469799963882183e-07,6.450890478934164e-10,6.099613193446134e-10,6.272321802143827e-10,4.293087454303503e-10,6.774012428297807e-09,1.1713291686430523e+19,6.270653629092712e-10,6.877087793347512e-10,6.800580603927723e-10,4.2260963659509325e-10,7.212986355944575e-09,4.521913539221859e+18,1.083012338023e-06
1,65.64940337212907,0.7716180840867242,2.431355369025639e-08,2.2469799963882183e-07,6.450890478934164e-10,6.099613193446134e-10,6.272321802143827e-10,4.293087454303503e-10,6.774012428297807e-09,1.1713291686430523e+19,6.270653629092712e-10,6.877087793347512e-10,6.800580603927723e-10,4.2260963659509325e-10,7.212986355944575e-09,4.521913539221859e+18,1.4000378057347002e-06
0,7.567857625354946,0.7867863758689294,2.317121350188185e-08,2.5099679162995647e-07,6.797809785386696e-10,6.155942460270412e-10,6.52267386031883e-10,3.896802509798055e-10,7.551354517318778e-09,1.13703150133457e+19,6.804854693752828e-10,6.820587623568329e-10,6.596981201831116e-10,4.0478699692238807e-10,6.947323357179515e-09,4.138826178698704e+18,1.2656955323650002e-06
1,7.567857625354946,0.7867863758689294,2.317121350188185e-08,2.5099679162995647e-07,6.797809785386696e-10,6.155942460270412e-10,6.52267386031883e-10,3.896802509798055e-10,7.551354517318778e-09,1.13703150133457e+19,6.804854693752828e-10,6.820587623568329e-10,6.596981201831116e-10,4.0478699692238807e-10,6.947323357179515e-09,4.138826178698704e+18,1.6272663728442e-06
0,117.84056133083368,0.8526300334296468,2.422820317352516e-08,2.3854454096892096e-07,6.468298165356686e-10,6.723595155211295e-10,6.257296512008729e-10,3.76517813028314e-10,7.374212677884111e-09,1.16695982313535e+19,6.764552830255764e-10,6.860243354334055e-10,6.8852858676881e-10,3.8011986617620275e-10,7.361575882366555e-09,4.389909260378786e+18,1.835517703115e-06
1,117.84056133083368,0.8526300334296468,2.422820317352516e-08,2.3854454096892096e-07,6.468298165356686e-10,6.723595155211295e-10,6.257296512008729e-10,3.76517813028314e-10,7.374212677884111e-09,1.16695982313535e+19,6.764552830255764e-10,6.860243354334055e-10,6.8852858676881e-10,3.8011986617620275e-10,7.361575882366555e-09,4.389909260378786e+18,2.371945599205e-06
0,-16.55487331740622,0.7744920726360981,2.3341229630997502e-08,2.42206547788102e-07,6.447032860862161e-10,6.437775160353553e-10,6.456800603322002e-10,3.906733247857899e-10,7.131466364663168e-09,1.1923210450825153e+19,6.57531798465823e-10,7.123225201313133e-10,6.955039077180201e-10,3.867489311853829e-10,7.375182785356312e-09,4.604467945255064e+18,1.09090661141e-06
1,-16.55487331740622,0.7744920726360981,2.3341229630997502e-08,2.42206547788102e-07,6.447032860862161e-10,6.437775160353553e-10,6.456800603322002e-10,3.906733247857899e-10,7.131466364663168e-09,1.1923210450825153e+19,6.57531798465823e-10,7.123225201313133e-10,6.955039077180201e-10,3.867489311853829e-10,7.375182785356312e-09,4.604467945255064e+18,1.4168640035685998e-06
0,3.9484434688025294,0.8744525450079624,2.534040467275313e-08,2.255560687218723e-07,6.634982174738855e-10,6.090608323332725e-10,6.57194071040505e-10,3.8411646245795205e-10,6.805094343841437e-09,1.1953977261791085e+19,6.533424513941595e-10,6.344433177427813e-10,6.900888601037148e-10,4.167319853511716e-10,6.894982270497623e-09,4.445306300706203e+18,1.9001927450400002e-06
1,3.9484434688025294,0.8744525450079624,2.534040467275313e-08,2.255560687218723e-07,6.634982174738855e-10,6.090608323332725e-10,6.57194071040505e-10,3.8411646245795205e-10,6.805094343841437e-09,1.1953977261791085e+19,6.533424513941595e-10,6.344433177427813e-10,6.900888601037148e-10,4.167319853511716e-10,6.894982270497623e-09,4.445306300706203e+18,2.460128286555e-06
0,109.52522649669233,0.8522507231503699,2.448769037550773e-08,2.3391104346473877e-07,6.625722484852718e-10,6.481558064783813e-10,6.469603047885701e-10,4.0017353780237604e-10,7.1760476344127685e-09,1.1900355813616849e+19,6.792581420725861e-10,6.439352700921836e-10,7.083497409658238e-10,4.095591293758216e-10,6.999115938001886e-09,4.248261541073832e+18,1.8097923680299997e-06
1,109.52522649669233,0.8522507231503699,2.448769037550773e-08,2.3391104346473877e-07,6.625722484852718e-10,6.481558064783813e-10,6.469603047885701e-10,4.0017353780237604e-10,7.1760476344127685e-09,1.1900355813616849e+19,6.792581420725861e-10,6.439352700921836e-10,7.083497409658238e-10,4.095591293758216e-10,6.999115938001886e-09,4.248261541073832e+18,2.3374318511577e-06
0,-26.09110957882581,0.7393147701822306,2.4248500405507945e-08,2.3569380979115332e-07,6.557376576727422e-10,6.494158182100591e-10,6.448728054844681e-10,4.111328970053933e-10,7.258557940194273e-09,1.230597022713144e+19,6.633645626462836e-10,6.95535283151165e-10,6.605726013593031e-10,3.838512917604459e-10,6.9235454917040124e-09,4.492006596448424e+18,9.2448534258e-07
1,-26.09110957882581,0.7393147701822306,2.4248500405507945e-08,2.3569380979115332e-07,6.557376576727422e-10,6.494158182100591e-10,6.448728054844681e-10,4.111328970053933e-10,7.258557940194273e-09,1.230597022713144e+19,6.633645626462836e-10,6.95535283151165e-10,6.605726013593031e-10,3.838512917604459e-10,6.9235454917040124e-09,4.492006596448424e+18,1.1926377777991999e-06
0,73.57070669308797,0.8784059643292688,2.3783954954038717e-08,2.2698746862501216e-07,6.741698577958209e-10,6.664438510835608e-10,6.37474059923342e-10,3.80252816182332e-10,7.626775211987634e-09,1.184438804745657e+19,6.378793898507405e-10,6.563324430948374e-10,6.542522200885456e-10,3.7258998252943086e-10,7.447347404712479e-09,4.4494971236458327e+18,1.943575127032e-06
1,73.57070669308797,0.8784059643292688,2.3783954954038717e-08,2.2698746862501216e-07,6.741698577958209e-10,6.664438510835608e-10,6.37474059923342e-10,3.80252816182332e-10,7.626775211987634e-09,1.184438804745657e+19,6.378793898507405e-10,6.563324430948374e-10,6.542522200885456e-10,3.7258998252943086e-10,7.447347404712479e-09,4.4494971236458327e+18,2.499454162388e-06
0,93.46184642790512,0.7456097529550794,2.5106252609129322e-08,2.2538140030162226e-07,6.916990932961352e-10,6.489504251707577e-10,6.580548428513764e-10,4.0254531226589044e-10,7.294952164588086e-09,1.2314941922050857e+19,7.279800124348471e-10,6.893527626995051e-10,7.082611209244007e-10,4.0038422817450735e-10,7.198516591455855e-09,4.356914194230993e+18,1.0116867884999999e-06
1,93.46184642790512,0.7456097529550794,2.5106252609129322e-08,2.2538140030162226e-07,6.916990932961352e-10,6.489504251707577e-10,6.580548428513764e-10,4.0254531226589044e-10,7.294952164588086e-09,1.2314941922050857e+19,7.279800124348471e-10,6.893527626995051e-10,7.082611209244007e-10,4.0038422817450735e-10,7.198516591455855e-09,4.356914194230993e+18,1.297117404087e-06
0,-39.55685292530155,0.834556706296717,2.3428654700488846e-08,2.3467937624117344e-07,6.467559391683039e-10,6.579218055787956e-10,6.681615924980016e-10,3.97559328514925e-10,7.366823056624461e-09,1.19646581375697e+19,6.358200722185345e-10,6.388591940758223e-10,6.901124032733562e-10,3.9066393275930506e-10,7.099679093743801e-09,4.2722570217405583e+18,1.45819351199e-06
1,-39.55685292530155,0.834556706296717,2.3428654700488846e-08,2.3467937624117344e-07,6.467559391683039e-10,6.579218055787956e-10,6.681615924980016e-10,3.97559328514925e-10,7.366823056624461e-09,1.19646581375697e+19,6.358200722185345e-10,6.388591940758223e-10,6.901124032733562e-10,3.9066393275930506e-10,7.099679093743801e-09,4.2722570217405583e+18,1.8917882754750002e-06
0,70.88281141649733,0.8658131417769614,2.4032796451879212e-08,2.1595510988991812e-07,6.495571703819216e-10,6.283845510077954e-10,6.47576902322357e-10,3.9576959252488657e-10,7.2811542237202754e-09,1.1992500255216226e+19,6.861063253621729e-10,6.222510996771806e-10,6.830622156715115e-10,3.9836900163518256e-10,7.024665281847067e-09,4.182504736882922e+18,1.7702153545620002e-06
1,70.88281141649733,0.8658131417769614,2.4032796451879212e-08,2.1595510988991812e-07,6.495571703819216e-10,6.283845510077954e-10,6.47576902322357e-10,3.9576959252488657e-10,7.2811542237202754e-09,1.1992500255216226e+19,6.861063253621729e-10,6.222510996771806e-10,6.830622156715115e-10,3.9836900163518256e-10,7.024665281847067e-09,4.182504736882922e+18,2.2696977412603002e-06
0,73.11854597142829,0.8084579205947012,2.4473232740243247e-08,2.2507511479794412e-07,6.654732540175344e-10,6.614974790459519e-10,6.431018147308076e-10,3.9088889282794486e-10,7.533917584807781e-09,1.196818233945302e+19,6.804675036097246e-10,7.02241241675104e-10,6.623547186110404e-10,4.0412736251239015e-10,7.113197857938008e-09,4.355263274915791e+18,1.3707690474600002e-06
1,73.11854597142829,0.8084579205947012,2.4473232740243247e-08,2.2507511479794412e-07,6.654732540175344e-10,6.614974790459519e-10,6.431018147308076e-10,3.9088889282794486e-10,7.533917584807781e-09,1.196818233945302e+19,6.804675036097246e-10,7.02241241675104e-10,6.623547186110404e-10,4.0412736251239015e-10,7.113197857938008e-09,4.355263274915791e+18,1.763656143123e-06
0,114.68852749091968,0.7600173380233824,2.320378211555989e-08,2.3161089789156202e-07,6.633668067374367e-10,6.711721122545585e-10,6.81988976752304e-10,3.7716503869259656e-10,7.508652414682631e-09,1.2542741634407655e+19,6.796774383137773e-10,6.585603993790779e-10,6.47427906482252e-10,3.9908065112239727e-10,7.364242739816411e-09,4.2206068526683453e+18,1.02564472356e-06
1,114.68852749091968,0.7600173380233824,2.320378211555989e-08,2.3161089789156202e-07,6.633668067374367e-10,6.711721122545585e-10,6.81988976752304e-10,3.7716503869259656e-10,7.508652414682631e-09,1.2542741634407655e+19,6.796774383137773e-10,6.585603993790779e-10,6.47427906482252e-10,3.9908065112239727e-10,7.364242739816411e-09,4.2206068526683453e+18,1.3238185107652002e-06
0,100.45070746428615,0.7428538608712871,2.3238430886127962e-08,2.1524057406301338e-07,6.833866338529282e-10,6.535612108962791e-10,6.850354460928731e-10,4.149512368523637e-10,7.684382072069779e-09,1.201745493610976e+19,6.223428910313745e-10,6.719959085323906e-10,6.325521227732372e-10,4.13234837971806e-10,7.030172814312261e-09,4.629099929669683e+18,8.41749884856e-07
1,100.45070746428615,0.7428538608712871,2.3238430886127962e-08,2.1524057406301338e-07,6.833866338529282e-10,6.535612108962791e-10,6.850354460928731e-10,4.149512368523637e-10,7.684382072069779e-09,1.201745493610976e+19,6.223428910313745e-10,6.719959085323906e-10,6.325521227732372e-10,4.13234837971806e-10,7.030172814312261e-09,4.629099929669683e+18,1.0911341104789e-06
0,66.41620399859494,0.8392502712212325,2.3583250250456582e-08,2.4461057874870184e-07,6.605462817567268e-10,6.591405453836027e-10,7.126593416367203e-10,4.1494467147614344e-10,7.471123975374387e-09,1.2385887253777258e+19,6.562753126641088e-10,6.692113618957658e-10,6.732438601603447e-10,3.868657460285563e-10,7.091233138848956e-09,4.453058657312364e+18,1.6825073911799998e-06
1,66.41620399859494,0.8392502712212325,2.3583250250456582e-08,2.4461057874870184e-07,6.605462817567268e-10,6.591405453836027e-10,7.126593416367203e-10,4.1494467147614344e-10,7.471123975374387e-09,1.2385887253777258e+19,6.562753126641088e-10,6.692113618957658e-10,6.732438601603447e-10,3.868657460285563e-10,7.091233138848956e-09,4.453058657312364e+18,2.167192064436e-06
0,63.58286232966955,0.8778789700800689,2.416458853026609e-08,2.146577766096875e-07,6.015836494310983e-10,6.574610708160164e-10,6.596237692096375e-10,3.9002520932390094e-10,7.3439869589532105e-09,1.183370701798862e+19,6.570506525986222e-10,7.013391243157437e-10,6.739969116779167e-10,4.1009879000053125e-10,7.200725531659634e-09,4.42945709184128e+18,1.855646788952e-06
1,63.58286232966955,0.8778789700800689,2.416458853026609e-08,2.146577766096875e-07,6.015836494310983e-10,6.574610708160164e-10,6.596237692096375e-10,3.9002520932390094e-10,7.3439869589532105e-09,1.183370701798862e+19,6.570506525986222e-10,7.013391243157437e-10,6.739969116779167e-10,4.1009879000053125e-10,7.200725531659634e-09,4.42945709184128e+18,2.384647897683e-06
0,39.60351120926552,0.7894870945303548,2.3164292422581622e-08,2.385077382120562e-07,6.614865307560846e-10,6.250814849013765e-10,6.656537559944214e-10,4.1385738346851324e-10,7.302400459519312e-09,1.1873858602072711e+19,6.856635873241778e-10,6.931125564266804e-10,6.854762191588612e-10,3.89577415698616e-10,7.0779138967511485e-09,4.152348048241076e+18,1.2136208622840002e-06
1,39.60351120926552,0.7894870945303548,2.3164292422581622e-08,2.385077382120562e-07,6.614865307560846e-10,6.250814849013765e-10,6.656537559944214e-10,4.1385738346851324e-10,7.302400459519312e-09,1.1873858602072711e+19,6.856635873241778e-10,6.931125564266804e-10,6.854762191588612e-10,3.89577415698616e-10,7.0779138967511485e-09,4.152348048241076e+18,1.5653563130244002e-06
0,78.16147842473319,0.8225801674474171,2.4899243808888984e-08,2.3361207181887284e-07,6.253836791794125e-10,6.204999670368661e-10,6.287206420427617e-10,4.0971353208637856e-10,7.087965626090784e-09,1.1857815444987451e+19,6.389356879203916e-10,6.859226421122704e-10,6.386152617194145e-10,4.1067298814054903e-10,7.235903089176684e-09,4.316398937145388e+18,1.536846384478e-06
1,78.16147842473319,0.8225801674474171,2.4899243808888984e-08,2.3361207181887284e-07,6.253836791794125e-10,6.204999670368661e-10,6.287206420427617e-10,4.0971353208637856e-10,7.087965626090784e-09,1.1857815444987451e+19,6.389356879203916e-10,6.859226421122704e-10,6.386152617194145e-10,4.1067298814054903e-10,7.235903089176684e-09,4.316398937145388e+18,1.9866225417151996e-06
0,-37.7422552728572,0.8796988967723405,2.353889202653481e-08,2.1094436803336052e-07,6.682173175846581e-10,6.579180933610264e-10,6.58735613361427e-10,3.9761359416565525e-10,7.302899677062711e-09,1.2235639553094783e+19,6.442592981584482e-10,6.737612046392132e-10,6.790406535257104e-10,4.0465988883241787e-10,7.1232628126319e-09,4.598065030486013e+18,1.6957439382400003e-06
1,-37.7422552728572,0.8796988967723405,2.353889202653481e-08,2.1094436803336052e-07,6.682173175846581e-10,6.579180933610264e-10,6.58735613361427e-10,3.9761359416565525e-10,7.302899677062711e-09,1.2235639553094783e+19,6.442592981584482e-10,6.737612046392132e-10,6.790406535257104e-10,4.0465988883241787e-10,7.1232628126319e-09,4.598065030486013e+18,2.1857925265706996e-06
0,-23.428716938656184,0.7371305753838511,2.3520723771531475e-08,2.3483558804405494e-07,6.500992830494476e-10,6.460966332678217e-10,6.355976531489916e-10,3.9701792206884435e-10,7.716770004814793e-09,1.2051402288444353e+19,6.892256173036491e-10,7.22855489975813e-10,6.331834972947324e-10,4.182134860700988e-10,7.622433428066402e-09,4.642076193187316e+18,8.9440753716e-07
1,-23.428716938656184,0.7371305753838511,2.3520723771531475e-08,2.3483558804405494e-07,6.500992830494476e-10,6.460966332678217e-10,6.355976531489916e-10,3.9701792206884435e-10,7.716770004814793e-09,1.2051402288444353e+19,6.892256173036491e-10,7.22855489975813e-10,6.331834972947324e-10,4.182134860700988e-10,7.622433428066402e-09,4.642076193187316e+18,1.1509754280572e-06
0,56.55353149778058,0.8344293783405032,2.3777193786626442e-08,2.2518477546940665e-07,6.009605015558292e-10,6.523399553370925e-10,6.540704836699158e-10,4.0578345395103867e-10,7.398923545835606e-09,1.1578638018486026e+19,6.380690784346423e-10,6.870539285366248e-10,6.24954936772827e-10,3.816834084872095e-10,7.537276565124167e-09,4.2677648291230894e+18,1.470841003767e-06
1,56.55353149778058,0.8344293783405032,2.3777193786626442e-08,2.2518477546940665e-07,6.009605015558292e-10,6.523399553370925e-10,6.540704836699158e-10,4.0578345395103867e-10,7.398923545835606e-09,1.1578638018486026e+19,6.380690784346423e-10,6.870539285366248e-10,6.24954936772827e-10,3.816834084872095e-10,7.537276565124167e-09,4.2677648291230894e+18,1.9066843356926e-06
0,35.29442232897087,0.8611808480703289,2.4466242556491716e-08,2.331184195615517e-07,6.785548797137905e-10,6.579340545561512e-10,6.294146786697776e-10,3.900920124804407e-10,6.788849801849691e-09,1.1146048715076223e+19,6.591677605119523e-10,6.938296864883837e-10,6.566583393698254e-10,3.924900685216787e-10,7.417598381996516e-09,4.2976905312148905e+18,1.823349722216e-06
1,35.29442232897087,0.8611808480703289,2.4466242556491716e-08,2.331184195615517e-07,6.785548797137905e-10,6.579340545561512e-10,6.294146786697776e-10,3.900920124804407e-10,6.788849801849691e-09,1.1146048715076223e+19,6.591677605119523e-10,6.938296864883837e-10,6.566583393698254e-10,3.924900685216787e-10,7.417598381996516e-09,4.2976905312148905e+18,2.3526572761392e-06
0,-36.057754139109306,0.8744841567285835,2.348278464705203e-08,2.2124956284428859e-07,6.36318971540592e-10,6.926228402776623e-10,6.397832223604772e-10,3.9838955580863164e-10,7.401431184464313e-09,1.1505151067430318e+19,6.416556269153677e-10,6.568934842381849e-10,6.844896603635087e-10,4.063798661591076e-10,7.250389234126352e-09,4.709084811822704e+18,1.69114566243e-06
1,-36.057754139109306,0.8744841567285835,2.348278464705203e-08,2.2124956284428859e-07,6.36318971540592e-10,6.926228402776623e-10,6.397832223604772e-10,3.9838955580863164e-10,7.401431184464313e-09,1.1505151067430318e+19,6.416556269153677e-10,6.568934842381849e-10,6.844896603635087e-10,4.063798661591076e-10,7.250389234126352e-09,4.709084811822704e+18,2.192164765136e-06
0,-48.34915081310198,0.8195419085094996,2.3011014595089573e-08,2.3984035683805284e-07,6.41364341529996e-10,6.723674818060576e-10,6.376620958080184e-10,3.975679229303184e-10,7.162840737742057e-09,1.176368898618983e+19,6.711349449279826e-10,6.677039510362388e-10,6.956429869100558e-10,3.9180022634534656e-10,7.3437204396427025e-09,4.152764141186967e+18,1.38459183414e-06
1,-48.34915081310198,0.8195419085094996,2.3011014595089573e-08,2.3984035683805284e-07,6.41364341529996e-10,6.723674818060576e-10,6.376620958080184e-10,3.975679229303184e-10,7.162840737742057e-09,1.176368898618983e+19,6.711349449279826e-10,6.677039510362388e-10,6.956429869100558e-10,3.9180022634534656e-10,7.3437204396427025e-09,4.152764141186967e+18,1.7862624320004e-06
0,96.45209917028473,0.8086133764238475,2.4285713693445364e-08,2.3408268152788372e-07,6.442333893627826e-10,6.712357463399024e-10,6.849373500469202e-10,4.1055227405457004e-10,7.080414036395818e-09,1.2407521707290057e+19,6.751734639886777e-10,6.723219484065691e-10,6.843613889073792e-10,4.1822385708206296e-10,7.507472867753971e-09,4.1802662878026056e+18,1.4327467021710001e-06
1,96.45209917028473,0.8086133764238475,2.4285713693445364e-08,2.3408268152788372e-07,6.442333893627826e-10,6.712357463399024e-10,6.849373500469202e-10,4.1055227405457004e-10,7.080414036395818e-09,1.2407521707290057e+19,6.751734639886777e-10,6.723219484065691e-10,6.843613889073792e-10,4.1822385708206296e-10,7.507472867753971e-09,4.1802662878026056e+18,1.8436266218862003e-06
0,86.87342959294091,0.7337044234470206,2.252520931306272e-08,2.3700381833697514e-07,6.33975099751952e-10,6.2494630903059e-10,6.541634786589975e-10,3.9011756505044587e-10,7.080791755772592e-09,1.1568957423444023e+19,6.807349874902072e-10,6.952891492186414e-10,6.583850556897112e-10,3.7638185263190375e-10,7.592187750714296e-09,4.2236205953737846e+18,8.44965192888e-07
1,86.87342959294091,0.7337044234470206,2.252520931306272e-08,2.3700381833697514e-07,6.33975099751952e-10,6.2494630903059e-10,6.541634786589975e-10,3.9011756505044587e-10,7.080791755772592e-09,1.1568957423444023e+19,6.807349874902072e-10,6.952891492186414e-10,6.583850556897112e-10,3.7638185263190375e-10,7.592187750714296e-09,4.2236205953737846e+18,1.0973859198464e-06
0,104.66083112152548,0.721949940565221,2.4210134494400266e-08,2.292170086135935e-07,6.919498972851926e-10,6.566624182998615e-10,6.717481205711356e-10,3.848837916050588e-10,6.817505304262966e-09,1.216279104474876e+19,6.943820070238289e-10,6.68240624431411e-10,6.73809139893604e-10,3.8242286585494416e-10,7.279231353504209e-09,4.286264289730391e+18,8.3194859304e-07
1,104.66083112152548,0.721949940565221,2.4210134494400266e-08,2.292170086135935e-07,6.919498972851926e-10,6.566624182998615e-10,6.717481205711356e-10,3.848837916050588e-10,6.817505304262966e-09,1.216279104474876e+19,6.943820070238289e-10,6.68240624431411e-10,6.73809139893604e-10,3.8242286585494416e-10,7.279231353504209e-09,4.286264289730391e+18,1.0769004165609002e-06
0,112.57788630479016,0.8548482191592242,2.4583676968701957e-08,2.301319814008856e-07,6.519806426692234e-10,6.663559135534988e-10,6.564274380068818e-10,4.20339853414932e-10,7.055419252597572e-09,1.191218940593322e+19,6.648613897474055e-10,6.929676275371955e-10,7.047379304808448e-10,3.9673385736477376e-10,7.240450428894404e-09,4.434352528869494e+18,1.7903710596450001e-06
1,112.57788630479016,0.8548482191592242,2.4583676968701957e-08,2.301319814008856e-07,6.519806426692234e-10,6.663559135534988e-10,6.564274380068818e-10,4.20339853414932e-10,7.055419252597572e-09,1.191218940593322e+19,6.648613897474055e-10,6.929676275371955e-10,7.047379304808448e-10,3.9673385736477376e-10,7.240450428894404e-09,4.434352528869494e+18,2.3195853493636e-06
0,33.7840482180233,0.8235527408283627,2.407017060375519e-08,2.402826780130208e-07,6.556876155995543e-10,6.560252022675241e-10,6.592506716033423e-10,3.9441025847603646e-10,7.479563421332036e-09,1.2293558290002293e+19,6.867868187433581e-10,6.527219696018896e-10,6.245694081051222e-10,4.038975586403358e-10,7.080136891402554e-09,4.40107268779894e+18,1.4962379349700002e-06
1,33.7840482180233,0.8235527408283627,2.407017060375519e-08,2.402826780130208e-07,6.556876155995543e-10,6.560252022675241e-10,6.592506716033423e-10,3.9441025847603646e-10,7.479563421332036e-09,1.2293558290002293e+19,6.867868187433581e-10,6.527219696018896e-10,6.245694081051222e-10,4.038975586403358e-10,7.080136891402554e-09,4.40107268779894e+18,1.9377338277021997e-06
0,96.35564380426766,0.8297320084747826,2.383666041757465e-08,2.390204384752635e-07,6.612127632927668e-10,6.493630952997171e-10,6.392699732226764e-10,3.8981376732802176e-10,6.997857972769749e-09,1.191987764238684e+19,6.506970696503306e-10,6.37466324876234e-10,6.248344273593017e-10,4.040823849842552e-10,7.326947700914675e-09,4.218010516042965e+18,1.6003271495850002e-06
1,96.35564380426766,0.8297320084747826,2.383666041757465e-08,2.390204384752635e-07,6.612127632927668e-10,6.493630952997171e-10,6.392699732226764e-10,3.8981376732802176e-10,6.997857972769749e-09,1.191987764238684e+19,6.506970696503306e-10,6.37466324876234e-10,6.248344273593017e-10,4.040823849842552e-10,7.326947700914675e-09,4.218010516042965e+18,2.062081305173e-06
0,29.44742810178996,0.8053970202073796,2.5355758022280766e-08,2.3441252589979746e-07,6.384457879078082e-10,6.669916292053197e-10,6.998594980320669e-10,3.909346329110296e-10,6.810200359278659e-09,1.1711655776520305e+19,6.428466629601875e-10,6.917059301872751e-10,6.833728285918069e-10,3.8919588177598584e-10,7.154937192294675e-09,4.540289633002582e+18,1.4571309336659998e-06
1,29.44742810178996,0.8053970202073796,2.5355758022280766e-08,2.3441252589979746e-07,6.384457879078082e-10,6.669916292053197e-10,6.998594980320669e-10,3.909346329110296e-10,6.810200359278659e-09,1.1711655776520305e+19,6.428466629601875e-10,6.917059301872751e-10,6.833728285918069e-10,3.8919588177598584e-10,7.154937192294675e-09,4.540289633002582e+18,1.8673381545000002e-06
0,60.22979247651408,0.7931928633480558,2.627690408787949e-08,2.469182610322557e-07,6.813158059818295e-10,6.068096854478614e-10,6.245656632841019e-10,3.9795865813698703e-10,7.2802967093585e-09,1.1699881758292062e+19,6.458503414107544e-10,6.84912531226814e-10,6.526705373036223e-10,4.12174682370763e-10,7.583684225532578e-09,4.3936859999790766e+18,1.4475789152230002e-06
1,60.22979247651408,0.7931928633480558,2.627690408787949e-08,2.469182610322557e-07,6.813158059818295e-10,6.068096854478614e-10,6.245656632841019e-10,3.9795865813698703e-10,7.2802967093585e-09,1.1699881758292062e+19,6.458503414107544e-10,6.84912531226814e-10,6.526705373036223e-10,4.12174682370763e-10,7.583684225532578e-09,4.3936859999790766e+18,1.8725343877838e-06
0,96.73970552642136,0.7829694184670188,2.57529384721486e-08,2.3018947456694914e-07,6.278415524689123e-10,6.465534339450601e-10,6.544462320206973e-10,3.7151691625408055e-10,7.298140211443061e-09,1.2146378825896163e+19,6.568776385206259e-10,6.972936288924436e-10,6.906851308364418e-10,4.1434268441583694e-10,7.553363272282413e-09,4.489760691412112e+18,1.2659481431999998e-06
1,96.73970552642136,0.7829694184670188,2.57529384721486e-08,2.3018947456694914e-07,6.278415524689123e-10,6.465534339450601e-10,6.544462320206973e-10,3.7151691625408055e-10,7.298140211443061e-09,1.2146378825896163e+19,6.568776385206259e-10,6.972936288924436e-10,6.906851308364418e-10,4.1434268441583694e-10,7.553363272282413e-09,4.489760691412112e+18,1.637593178604e-06
0,-2.7628834735461254,0.8585149136941537,2.4675305258875926e-08,2.404151292686106e-07,6.290877678858594e-10,6.819769838535044e-10,6.473412184328117e-10,4.0043563751843617e-10,7.309191057714808e-09,1.1153665193135075e+19,6.577795528396646e-10,6.871395142090733e-10,6.636739681263071e-10,3.96717702234197e-10,7.0940361074707905e-09,4.052627389505228e+18,1.8700503068599996e-06
1,-2.7628834735461254,0.8585149136941537,2.4675305258875926e-08,2.404151292686106e-07,6.290877678858594e-10,6.819769838535044e-10,6.473412184328117e-10,4.0043563751843617e-10,7.309191057714808e-09,1.1153665193135075e+19,6.577795528396646e-10,6.871395142090733e-10,6.636739681263071e-10,3.96717702234197e-10,7.0940361074707905e-09,4.052627389505228e+18,2.4056519990080995e-06
0,48.42538823237125,0.8387925547679518,2.3826984745064233e-08,2.3863000183542824e-07,6.584517237148215e-10,6.30296445663188e-10,6.705535969716235e-10,4.356286861284608e-10,7.063681809863217e-09,1.1782102088065182e+19,6.777240465194923e-10,7.060072228594448e-10,6.494838701461681e-10,4.29062022346918e-10,7.112834916971099e-09,4.574716188407229e+18,1.6449523429920001e-06
1,48.42538823237125,0.8387925547679518,2.3826984745064233e-08,2.3863000183542824e-07,6.584517237148215e-10,6.30296445663188e-10,6.705535969716235e-10,4.356286861284608e-10,7.063681809863217e-09,1.1782102088065182e+19,6.777240465194923e-10,7.060072228594448e-10,6.494838701461681e-10,4.29062022346918e-10,7.112834916971099e-09,4.574716188407229e+18,2.1176077803364e-06
0,103.40540019922308,0.827823555234483,2.3327971298884912e-08,2.3630017306736205e-07,6.276822563339648e-10,6.594641543361748e-10,6.551352407003982e-10,3.9034205881845665e-10,7.407738328366839e-09,1.23390138897166e+19,6.702221842265795e-10,6.705193854279132e-10,6.760235072365782e-10,4.077940875425375e-10,7.553137225564323e-09,4.3779372628211415e+18,1.550540603636e-06
1,103.40540019922308,0.827823555234483,2.3327971298884912e-08,2.3630017306736205e-07,6.276822563339648e-10,6.594641543361748e-10,6.551352407003982e-10,3.9034205881845665e-10,7.407738328366839e-09,1.23390138897166e+19,6.702221842265795e-10,6.705193854279132e-10,6.760235072365782e-10,4.077940875425375e-10,7.553137225564323e-09,4.3779372628211415e+18,1.9937797124896e-06
0,-51.75673315188811,0.8345496332593023,2.3910460372943327e-08,2.2926559659862913e-07,6.829860722349757e-10,6.254537343190723e-10,6.230760332104685e-10,4.171609388403583e-10,7.149114214168471e-09,1.1202331213722196e+19,6.220377832531989e-10,6.573118885537799e-10,6.754781903835114e-10,4.00573021976568e-10,7.146098418017758e-09,4.386814266700096e+18,1.4479145479699998e-06
1,-51.75673315188811,0.8345496332593023,2.3910460372943327e-08,2.2926559659862913e-07,6.829860722349757e-10,6.254537343190723e-10,6.230760332104685e-10,4.171609388403583e-10,7.149114214168471e-09,1.1202331213722196e+19,6.220377832531989e-10,6.573118885537799e-10,6.754781903835114e-10,4.00573021976568e-10,7.146098418017758e-09,4.386814266700096e+18,1.8780339008635999e-06
0,65.50510623396065,0.7603859930721213,2.4399703773232186e-08,2.3377591592479676e-07,6.72318179433198e-10,6.672490372222786e-10,6.537624908055385e-10,3.817273496501418e-10,7.328364117787471e-09,1.2920640117573829e+19,6.576773314208068e-10,6.838518576350319e-10,6.681954007516644e-10,4.190868250150206e-10,7.397570274957299e-09,4.381983775991506e+18,1.069452505088e-06
1,65.50510623396065,0.7603859930721213,2.4399703773232186e-08,2.3377591592479676e-07,6.72318179433198e-10,6.672490372222786e-10,6.537624908055385e-10,3.817273496501418e-10,7.328364117787471e-09,1.2920640117573829e+19,6.576773314208068e-10,6.838518576350319e-10,6.681954007516644e-10,4.190868250150206e-10,7.397570274957299e-09,4.381983775991506e+18,1.3804328902099998e-06
0,68.66193888901316,0.8796770607503385,2.4087841614038644e-08,2.297222007268857e-07,6.365541933180167e-10,6.910030372053466e-10,6.608273833350385e-10,3.787284440713613e-10,7.127834038044329e-09,1.1545314177253032e+19,6.595145084245433e-10,6.62379055267843e-10,6.795053895601944e-10,3.9644824593508084e-10,7.344434008599527e-09,4.485851145612956e+18,1.990594933184e-06
1,68.66193888901316,0.8796770607503385,2.4087841614038644e-08,2.297222007268857e-07,6.365541933180167e-10,6.910030372053466e-10,6.608273833350385e-10,3.787284440713613e-10,7.127834038044329e-09,1.1545314177253032e+19,6.595145084245433e-10,6.62379055267843e-10,6.795053895601944e-10,3.9644824593508084e-10,7.344434008599527e-09,4.485851145612956e+18,2.563327182681e-06
0,72.32222083166478,0.8472388573034673,2.4553884922255163e-08,2.3114063061848024e-07,6.744265703773512e-10,6.718512472675447e-10,6.636187801697972e-10,3.922494653229835e-10,7.105410810313616e-09,1.2140633804990867e+19,6.523632980657214e-10,6.124171688264577e-10,6.796964461571489e-10,4.2088446885640704e-10,7.687399072787041e-09,4.249740887794752e+18,1.7529744294699998e-06
1,72.32222083166478,0.8472388573034673,2.4553884922255163e-08,2.3114063061848024e-07,6.744265703773512e-10,6.718512472675447e-10,6.636187801697972e-10,3.922494653229835e-10,7.105410810313616e-09,1.2140633804990867e+19,6.523632980657214e-10,6.124171688264577e-10,6.796964461571489e-10,4.2088446885640704e-10,7.687399072787041e-09,4.249740887794752e+18,2.2510238195960997e-06
0,89.53172149489635,0.7259288154236898,2.353035688375783e-08,2.2974140179758421e-07,6.298338642099894e-10,6.749002338394481e-10,6.648858258363401e-10,4.004733254477312e-10,7.483144504112905e-09,1.1825464982115883e+19,6.436186499519664e-10,6.714881110069642e-10,6.58037350483014e-10,4.0325739411650404e-10,7.236332752483914e-09,4.434240533271115e+18,8.5586193092e-07
1,89.53172149489635,0.7259288154236898,2.353035688375783e-08,2.2974140179758421e-07,6.298338642099894e-10,6.749002338394481e-10,6.648858258363401e-10,4.004733254477312e-10,7.483144504112905e-09,1.1825464982115883e+19,6.436186499519664e-10,6.714881110069642e-10,6.58037350483014e-10,4.0325739411650404e-10,7.236332752483914e-09,4.434240533271115e+18,1.0990560682080002e-06
0,70.48661502516482,0.779361166806413,2.279439150305555e-08,2.2478628389842787e-07,6.827733371432536e-10,6.390015748133693e-10,6.443916939884423e-10,3.7442681854071905e-10,7.119591260258616e-09,1.1402427548573385e+19,6.775473540076606e-10,6.700022673354904e-10,6.067131582502235e-10,4.1236289824236776e-10,7.688999357273577e-09,4.242196843097492e+18,1.0739642830020002e-06
1,70.48661502516482,0.779361166806413,2.279439150305555e-08,2.2478628389842787e-07,6.827733371432536e-10,6.390015748133693e-10,6.443916939884423e-10,3.7442681854071905e-10,7.119591260258616e-09,1.1402427548573385e+19,6.775473540076606e-10,6.700022673354904e-10,6.067131582502235e-10,4.1236289824236776e-10,7.688999357273577e-09,4.242196843097492e+18,1.3853120687900001e-06
0,55.17176663571968,0.851758165877697,2.295494405332228e-08,2.1172951914922095e-07,6.470494416240112e-10,6.488532150259852e-10,6.62107531472937e-10,4.01278307830354e-10,7.185953606754739e-09,1.1946427890252282e+19,6.580232564049248e-10,6.467621036081487e-10,6.962401338430631e-10,4.0490027753095745e-10,7.1744351436623895e-09,4.312869324772772e+18,1.474416739055e-06
1,55.17176663571968,0.851758165877697,2.295494405332228e-08,2.1172951914922095e-07,6.470494416240112e-10,6.488532150259852e-10,6.62107531472937e-10,4.01278307830354e-10,7.185953606754739e-09,1.1946427890252282e+19,6.580232564049248e-10,6.467621036081487e-10,6.962401338430631e-10,4.0490027753095745e-10,7.1744351436623895e-09,4.312869324772772e+18,1.9055094492390002e-06
0,19.68505844720225,0.8331151465183497,2.3015760048878472e-08,2.2228181016633573e-07,6.767717641548226e-10,6.337048422224864e-10,6.860733221205444e-10,4.1339812976506456e-10,7.516701153374432e-09,1.2359198689686686e+19,6.832936274027467e-10,6.843080330464972e-10,7.193515074757956e-10,4.2285607717667917e-10,6.911411078715911e-09,4.617575135917253e+18,1.3808815058079999e-06
