TEMP,pvdd,Cqload,Lmin,Wmin,toxe_n,toxm_n,toxref_n,toxp_n,xj_n,ndep_n,toxe_p,toxm_p,toxref_p,toxp_p,xj_p,ndep_p,delay_nodea,delay_nodeb
46.31943036830701,0.9687923255240196,3.633044329246219,4.7672329922195654e-08,2.528510073928747e-07,9.399158036905526e-10,9.10111413532571e-10,9.33158938880273e-10,6.612132218550922e-10,1.2981198088339552e-08,6.786454234536645e+18,9.672417044746546e-10,9.794046899442856e-10,9.033880600884894e-10,6.5674502672597e-10,1.429039793063562e-08,2.842206218855075e+18,7.137688e-12,8.012599000000001e-12
14.319261619886774,1.0841825898841913,0.8892947610171952,4.912293497099062e-08,2.5108740729759123e-07,8.98709758990639e-10,9.167539948402961e-10,8.80811267039111e-10,6.171867583725021e-10,1.3643442207134862e-08,6.881843060976781e+18,8.759149852408922e-10,9.717460488973654e-10,9.229568573463415e-10,6.613498384823376e-10,1.4417290784598914e-08,2.8253846324234614e+18,3.432458e-12,4.421876e-12
106.23708058989943,0.9065206651056807,2.474883222926393,4.4810181890736344e-08,2.579574456125698e-07,9.249987319564285e-10,8.910546368443418e-10,9.15315484693002e-10,6.496764363121083e-10,1.5716950511417528e-08,6.752083918476458e+18,9.042080384125201e-10,9.274590811669207e-10,9.085815642525405e-10,6.54568024450844e-10,1.3481326842927446e-08,2.7959133413644e+18,4.960884e-12,5.7132285e-12
78.64052841711373,0.9888928633409068,2.2362747819976034,4.7695253095601574e-08,2.392915443883272e-07,8.52571300440981e-10,8.742048129611353e-10,8.541005948280106e-10,6.375231444740014e-10,1.4364776980372025e-08,6.310092966536863e+18,9.087065948406292e-10,8.965047290780394e-10,9.435532038903763e-10,6.498631202144976e-10,1.4020566669492889e-08,2.8470280528889446e+18,5.3816545e-12,6.267639e-12
97.16663016566308,1.066959914298859,2.2711784260130203,4.5971040131748664e-08,2.60605786628626e-07,9.351422979908168e-10,9.35454047659375e-10,9.104480247187359e-10,6.691565528621336e-10,1.4305775311561132e-08,6.605972342166029e+18,9.193243431660233e-10,1.004173169886205e-09,9.270612373571664e-10,6.509246217163152e-10,1.4432910430689892e-08,2.854839915980546e+18,4.637973e-12,5.414875500000001e-12
89.82506769226336,0.925542245145072,0.6172031320788172,4.634444092642543e-08,2.675176246166146e-07,8.950681061327474e-10,9.218122770767639e-10,8.654394037015608e-10,6.607701556090196e-10,1.4239740792866357e-08,6.47121844166368e+18,9.24015719783654e-10,8.971088731986664e-10,9.091189243484037e-10,6.153281232227287e-10,1.4571500775251708e-08,2.875159814628535e+18,2.7660695e-12,3.6353064999999998e-12
-31.238427342955447,1.002837792790468,2.8580990637721726,4.5701914522200835e-08,2.502968813223299e-07,8.804487763829583e-10,8.341896612214741e-10,8.86944580129549e-10,6.4607794198884e-10,1.4172578934593597e-08,6.513800581473408e+18,9.152299067903861e-10,9.512300702905101e-10,8.699593921745534e-10,6.425833721548139e-10,1.4680030377252648e-08,2.825930997929353e+18,5.55571e-12,6.3275939999999996e-12
67.68344178220306,1.0240289228632464,2.4106669356354704,4.38079005720539e-08,2.5457659834710583e-07,9.340078538536274e-10,9.42787099144664e-10,8.992476913903731e-10,6.650555528761614e-10,1.4034392166905006e-08,6.552773694658398e+18,9.37635763913759e-10,9.45202501338478e-10,8.654289037148043e-10,6.550882584323798e-10,1.2803833062868949e-08,2.769323222510971e+18,4.4629335e-12,5.140105e-12
-13.67771643692759,0.9065301873447184,2.024443505181928,5.0576374810551155e-08,2.563809508479647e-07,9.578024766674728e-10,9.177679741164607e-10,9.409355062211492e-10,6.623424939814201e-10,1.3243708763089946e-08,6.398566386464901e+18,9.164448210907946e-10,9.254803111349499e-10,9.401479485525527e-10,6.63947318182045e-10,1.4073737105609174e-08,2.7699789259205074e+18,5.664691e-12,6.735317e-12
90.5443353802316,0.9278097457037684,0.9726803349010644,4.90606238903179e-08,2.454760505684355e-07,9.242219695954611e-10,9.60525777413427e-10,8.878931419916051e-10,6.636350996277711e-10,1.3126127612204892e-08,6.543372271344641e+18,9.119732419071793e-10,9.064789158895067e-10,8.746155063623962e-10,6.333463002901478e-10,1.4490785437422562e-08,2.8365223989732383e+18,3.790385e-12,4.7991785e-12
-46.203612608794494,1.0251212063472424,2.195504185698151,4.6573493033138666e-08,2.499146852746328e-07,9.653957751405772e-10,8.753296263929257e-10,8.595477691706772e-10,6.37325826079209e-10,1.3613019971172951e-08,6.326812888004931e+18,9.287769910703279e-10,9.461569202160446e-10,8.98697901296877e-10,6.711411731007508e-10,1.4158935175995049e-08,2.672745104078768e+18,4.8619335e-12,5.679212000000001e-12
57.58646204442496,0.9291706674567626,3.155036960169572,5.025767226925619e-08,2.514647542570668e-07,9.004443975259858e-10,9.318692053776732e-10,9.300134460502795e-10,6.35887188890263e-10,1.3447403729678889e-08,6.218418797415565e+18,9.436244312162882e-10,9.208724616394461e-10,9.219297329505347e-10,6.580575283081326e-10,1.4398255644105918e-08,2.7245991651629783e+18,7.3553475e-12,8.387051e-12
-26.674991593897754,1.0622358565980443,3.462547457341737,4.81320347766768e-08,2.5820232647536176e-07,8.814651657759453e-10,8.97985018814661e-10,8.801581924527636e-10,6.361413794109021e-10,1.4722119486700474e-08,6.335928669731769e+18,9.503909015280391e-10,9.787912840106063e-10,9.054496002266551e-10,6.69923336925698e-10,1.4432346346281984e-08,3.019750541466974e+18,6.7161785e-12,7.592411e-12
49.78119942979028,1.0704456316578148,0.1931641072651303,4.075724850278593e-08,2.4967389619793385e-07,8.73365198522676e-10,8.76494759909389e-10,8.641622045828124e-10,6.694558282868155e-10,1.4361731118602184e-08,6.717132449850184e+18,9.367511460683066e-10,9.344271193617911e-10,9.436547546415201e-10,6.603062537525335e-10,1.4152242627030692e-08,2.807404916982707e+18,1.4872640000000002e-12,2.0374045e-12
-7.773981906306403,0.9937911014435626,4.029419408927748,4.523323360074394e-08,2.5386175271802964e-07,9.534150375995058e-10,9.259873084162603e-10,9.287972822507736e-10,6.631026989672822e-10,1.4614929898920727e-08,6.563844557708403e+18,9.376429624343107e-10,9.035394289627795e-10,9.183375083061863e-10,7.18919364530809e-10,1.4396650776155006e-08,2.6982005733083674e+18,6.8340370000000005e-12,7.5774485e-12
5.790958553070801,0.9841446046569844,1.5562374592068495,4.6989497499576433e-08,2.5253466539931503e-07,8.586490622067442e-10,9.005955680967707e-10,9.087753045670303e-10,6.232510261258714e-10,1.4377792790013417e-08,6.845445357796769e+18,9.166941550469851e-10,8.982907063709349e-10,8.864246652645611e-10,6.53032174013186e-10,1.4461026365786162e-08,2.6384732414943903e+18,4.151611e-12,5.01329e-12
49.6992535540937,1.069353405019598,4.778521046975412,4.830075130415794e-08,2.5293127165464226e-07,8.910204290490388e-10,8.894427533279973e-10,8.39945665232895e-10,6.607946078085225e-10,1.4373580126051528e-08,6.227373530774454e+18,9.674639750071364e-10,9.402388516308152e-10,8.96958990462766e-10,6.315110727644898e-10,1.3442285933609548e-08,2.7816443358418406e+18,8.607703e-12,9.481767999999999e-12
-28.57262903148509,0.9005989270366049,2.133031095820573,4.5740859909247825e-08,2.4510891664657703e-07,8.746429997219161e-10,9.246174100068223e-10,8.960458111076e-10,6.626463819132356e-10,1.3956115014287862e-08,6.526485922430184e+18,9.328703331727587e-10,8.970515760117877e-10,9.192766574178111e-10,6.185893280944182e-10,1.4313287349048154e-08,2.857204196705266e+18,4.9235434999999994e-12,5.73144e-12
19.499950407375067,0.940068184000222,3.996713333725775,4.796038149273128e-08,2.576228329680464e-07,8.724279537721321e-10,8.304996017413011e-10,8.859918309706806e-10,6.115772580113662e-10,1.3560114428312432e-08,6.52987916416314e+18,9.070609236191159e-10,8.892849599959916e-10,8.604174282776929e-10,6.561994440856176e-10,1.3721005698289942e-08,2.8366160572250824e+18,7.7304115e-12,8.6272895e-12
70.00783289130676,1.0607019251759708,4.736549727411957,4.701939154347415e-08,2.6483613442781806e-07,9.274898618447677e-10,9.4859163480699e-10,8.740226214039144e-10,6.206875099111481e-10,1.3443120801902832e-08,6.467211056270588e+18,9.10138049749585e-10,9.054839497502747e-10,8.896363867410758e-10,6.349471440955472e-10,1.3984669191040264e-08,2.767085975159232e+18,7.865775e-12,8.6762455e-12
-44.23988748775153,1.009651623274726,0.9792275665323386,4.595504507440332e-08,2.5496858728616433e-07,9.178284892116237e-10,8.939963714348256e-10,9.040170449046556e-10,6.070192638069214e-10,1.3294648364517333e-08,6.369831351606918e+18,9.232334148912803e-10,9.192106078830155e-10,8.90541517361576e-10,6.378690487635887e-10,1.3497416802219889e-08,2.77429453220029e+18,3.1410965e-12,3.957788e-12
36.58362689196636,0.9959842942271464,2.6185973480294344,4.6296379183060534e-08,2.4240861359766053e-07,8.999458201626686e-10,8.646730499427761e-10,9.306488119296131e-10,6.196387148814617e-10,1.432755578579506e-08,6.655389506626834e+18,9.235857254242605e-10,9.045205867465859e-10,9.506182348290539e-10,6.560896217101543e-10,1.3287357850214631e-08,2.642402956170305e+18,5.51201e-12,6.317463e-12
-3.336795658341522,1.0805682773107397,3.0084598275425067,4.601115219472299e-08,2.508391268960356e-07,9.48609816005587e-10,9.270759529352088e-10,9.235180550303872e-10,6.393070078895006e-10,1.3453027672137842e-08,6.53084474998953e+18,8.747390017549089e-10,9.072353301125267e-10,9.4259721685866e-10,6.647799921440566e-10,1.4061766180862929e-08,2.692640261689251e+18,5.667646e-12,6.4366195e-12
102.94477528725692,0.9692113157615816,2.560383644196788,4.672990474682213e-08,2.4966065606368076e-07,9.730760820914991e-10,9.029489265700951e-10,8.72182817304905e-10,6.885790181441394e-10,1.4041016237013331e-08,6.367400713410793e+18,9.310133040345763e-10,9.427572217064887e-10,9.086314891961301e-10,6.467558784833638e-10,1.3733256104155921e-08,2.802059061384516e+18,5.4975315e-12,6.3325095e-12
80.23722123218923,0.9361860404888068,2.184691249722035,4.8505794370063776e-08,2.478404952040484e-07,8.781102199889912e-10,9.238525434010071e-10,9.153393042778931e-10,6.458835258658585e-10,1.3797205184939372e-08,6.788783840915574e+18,8.646039738240228e-10,9.471313673086183e-10,9.211402651892391e-10,6.048808196082343e-10,1.3671410081456092e-08,2.869546515158924e+18,5.4783465e-12,6.4215095e-12
-1.7019446636597664,0.9448560292067462,0.2074631595043004,4.9520736802561884e-08,2.515467382959259e-07,9.529328549220382e-10,8.732364779813874e-10,8.940903459458592e-10,6.734158256196743e-10,1.4338097613164297e-08,6.461891340401093e+18,9.106366576278911e-10,9.41252658901845e-10,9.573597466541274e-10,6.758455000952646e-10,1.3704385022999544e-08,2.761264800820238e+18,2.554848e-12,3.6516465000000005e-12
82.13416417499252,0.9704313841528056,3.806458003889947,4.8887904863233203e-08,2.588279527417143e-07,8.839839110171986e-10,8.628839841783616e-10,8.912381222791494e-10,6.285707874753362e-10,1.3366194941771673e-08,6.756097338124933e+18,1.0205560988336011e-09,9.904369603273295e-10,9.027927799191755e-10,6.518778506583332e-10,1.4254569749364284e-08,2.8797485246904125e+18,7.621757e-12,8.5592275e-12
-23.72718788894588,1.0442595695724803,3.263880621159448,4.620690700280178e-08,2.5366843007621236e-07,8.407371900095661e-10,8.918715787694191e-10,9.902929395658935e-10,6.604288950292417e-10,1.4119695810064388e-08,6.416699396713146e+18,9.532122027834784e-10,9.126555798580454e-10,9.012626258957247e-10,6.39468453165944e-10,1.4289791728131171e-08,2.7929340124223734e+18,6.0572665e-12,6.84204e-12
-6.288543421721123,1.0544668490621054,0.1652244405567325,4.752216836892885e-08,2.620528365611886e-07,8.64131418163331e-10,9.128140545628379e-10,9.133643296255521e-10,6.646335083108543e-10,1.3706537013393232e-08,6.551147904890694e+18,8.881342555344607e-10,9.560333898976987e-10,9.25556703000348e-10,6.663430223186125e-10,1.4155535161086344e-08,2.7815247905042857e+18,2.149507e-12,3.1043015e-12
-36.78750642876989,1.0828884770425078,0.3425501299458351,4.6438938985699874e-08,2.536787253521129e-07,8.95316899274869e-10,8.820343690503461e-10,8.33003596683292e-10,6.14047679235287e-10,1.3785162973433491e-08,6.132485422584902e+18,9.018839590703027e-10,9.272239485373605e-10,9.243341022057307e-10,6.63030269304274e-10,1.4017752318697512e-08,2.630831392020976e+18,2.274373e-12,3.143879e-12
37.27444966466274,1.0572181183001028,4.744674755396621,4.4537826120290566e-08,2.4415899587428707e-07,9.07498300240503e-10,8.874434004642468e-10,9.131491056231271e-10,6.54435029166147e-10,1.3980737645677336e-08,6.647950354726895e+18,9.143652851763783e-10,9.098881097103492e-10,8.98134972428332e-10,6.536840376480391e-10,1.3965834913002604e-08,2.742373294177104e+18,7.4969965e-12,8.1890105e-12
103.18454146330352,1.0806130801504454,2.2220214222602754,4.7088526835810045e-08,2.522604580920777e-07,8.860812177253767e-10,8.845276026722312e-10,9.53850166868922e-10,6.730141490914947e-10,1.4068512139981957e-08,6.643988933194032e+18,9.31816635879404e-10,9.313584691853286e-10,9.16140331911344e-10,6.645612492437088e-10,1.3341521016877457e-08,2.6343521720669445e+18,4.8978209999999996e-12,5.7318825e-12
67.87471408360626,1.081561342754051,0.5272588776289724,4.420890065066378e-08,2.720344487257018e-07,8.727320608803555e-10,8.716601179579267e-10,8.99094586833777e-10,6.696186803105373e-10,1.4412412813857311e-08,6.595900304590701e+18,9.001178539175782e-10,9.102222373704983e-10,9.026039617922455e-10,6.243140753310124e-10,1.3676387165493945e-08,2.923516114927502e+18,2.214224e-12,2.9418485e-12
98.65807584414816,0.968382712686092,4.855747179249889,4.930597957372188e-08,2.438627948551164e-07,9.194827044627644e-10,8.905030122759536e-10,8.716296209328161e-10,6.635952848937215e-10,1.3911704502817007e-08,6.295047084558892e+18,9.658420374362724e-10,9.247931215264999e-10,9.472796186381084e-10,6.646923362953602e-10,1.5017809352361965e-08,2.756314338404845e+18,9.6479055e-12,1.06051265e-11
3.05309304438002,0.9936048303784084,3.948597167003751,4.927484115104896e-08,2.477184288258994e-07,9.221086272014471e-10,8.952886371185993e-10,8.674326584920937e-10,6.425180530013085e-10,1.444718903530846e-08,6.453566849965283e+18,9.371325929685347e-10,9.00898249908943e-10,8.71943958745633e-10,6.591769308586929e-10,1.428887888100368e-08,2.92081580238779e+18,8.120047e-12,9.072399e-12
71.40431655316199,0.9923419873735548,2.796191690661288,4.563619129854861e-08,2.5862891100579434e-07,9.307056900964615e-10,8.976431016076742e-10,8.92985896665805e-10,6.614374934599648e-10,1.4238925535568317e-08,6.330006483718583e+18,9.27188553720267e-10,9.58369356056686e-10,9.148184124961557e-10,7.030404753891604e-10,1.3456859638573812e-08,2.8223455933071406e+18,5.3681855e-12,6.139099e-12
-15.597920601830062,0.9955312240882715,0.7982112407280517,4.6318713482425356e-08,2.51078605965488e-07,9.151174100684107e-10,9.440726212799312e-10,9.326754109185594e-10,6.341093480919911e-10,1.3902467382086536e-08,6.273316796975643e+18,8.6044278128497e-10,8.871668620455379e-10,8.929574592537585e-10,6.284677949819674e-10,1.4078805490296896e-08,2.812674179032247e+18,2.9837955e-12,3.829878e-12
48.22280654955428,1.0472903261175142,1.6515222797714226,4.714691957174013e-08,2.330008789255895e-07,9.154197608480583e-10,8.861580291154357e-10,8.775168601274121e-10,6.82170913386633e-10,1.373662135376742e-08,6.217996164004088e+18,8.842142194347016e-10,9.17920247422764e-10,9.131525922310165e-10,6.410570609876246e-10,1.4645727470929943e-08,2.996283218813788e+18,4.388728e-12,5.244222500000001e-12
-19.15324300187953,0.902283055547114,0.0861617672252921,4.467001460498453e-08,2.4549096531987015e-07,9.286924493141977e-10,8.788176520157165e-10,8.797299592597151e-10,6.28015794289585e-10,1.4247371010425445e-08,6.641145114595911e+18,9.655410731336598e-10,9.403245590814895e-10,9.066665886393339e-10,6.415970301198862e-10,1.3821186846928966e-08,2.721447130109716e+18,1.8987305000000002e-12,2.7142919999999997e-12
71.10707474999711,1.0576249508189934,0.235148571573049,4.515393757050653e-08,2.503450238377219e-07,8.909623169561874e-10,9.071897255358701e-10,9.14209610048418e-10,6.496807005127757e-10,1.3240826951581982e-08,6.529436066919561e+18,9.138105295681083e-10,9.201565808711067e-10,8.816140404763591e-10,6.819762613147619e-10,1.377671413379306e-08,2.802543496451576e+18,2.013707e-12,2.8164825e-12
-52.00244847038122,1.0332051833123583,3.172404325672299,4.5813425471524377e-08,2.442864649732313e-07,9.029950515746031e-10,9.163451822594527e-10,9.16328528297275e-10,6.521952663596346e-10,1.3571845564594792e-08,6.257482575765688e+18,9.22880847279314e-10,9.76006745821596e-10,8.794668084362855e-10,6.656335727459344e-10,1.3149554848915909e-08,2.811875852860649e+18,6.013149e-12,6.7818135e-12
108.80476328385993,0.9494325691419456,0.6537342534136983,4.875558224611527e-08,2.440397761797186e-07,8.583327685943711e-10,9.54865860819844e-10,9.475395671475847e-10,6.646900605831285e-10,1.4225676475185853e-08,6.420960675993672e+18,8.811208462044648e-10,9.121926361043227e-10,8.968503402637092e-10,6.316298124183285e-10,1.3171791195311784e-08,2.811116306089273e+18,3.2067865e-12,4.2121189999999995e-12
41.4796846521303,1.0707350144362855,3.696807082736485,4.6141650082240306e-08,2.429871499219954e-07,8.790658431071691e-10,9.113699242120199e-10,8.58481014592353e-10,6.39324978604517e-10,1.4273657139082793e-08,6.463302698715542e+18,9.224833028266939e-10,9.131998567056607e-10,9.18755261203524e-10,6.701314340349965e-10,1.4258640242611852e-08,2.7877987855215805e+18,6.732525e-12,7.5053255e-12
100.68860184042978,1.0042532123918024,3.429033073677664,4.5507454008463564e-08,2.525686075824512e-07,9.635943694938147e-10,8.884413141572221e-10,9.224336262214647e-10,6.725386713290089e-10,1.3551955277976052e-08,6.508655399747427e+18,8.770647650536733e-10,8.843206972527583e-10,8.824508055780593e-10,6.492766499630866e-10,1.3789013167356782e-08,2.7194714971072056e+18,6.1803665e-12,6.9383345e-12
-21.03567802461444,1.0646874523283196,4.012176411842564,4.5875902854426495e-08,2.7388393689760515e-07,8.837030766901534e-10,8.875726225662915e-10,9.033558291212155e-10,6.755224829456806e-10,1.3168158409248725e-08,6.447329445088331e+18,8.87530692224697e-10,9.176315891900727e-10,9.354517635297744e-10,7.083085942868716e-10,1.3694607937521161e-08,2.7818033264264166e+18,6.4775515e-12,7.234587500000001e-12
-24.19332534572736,0.9139925699244932,4.654365328757296,4.502778455436509e-08,2.6496527708471927e-07,9.078538461403551e-10,9.223178648157932e-10,8.752740217178092e-10,6.360688702883988e-10,1.4211634504951908e-08,6.473507926545957e+18,9.485732289374632e-10,9.002760046204006e-10,9.862210166677824e-10,6.847463745727965e-10,1.3945087321329489e-08,2.8829244752681324e+18,7.5539725e-12,8.306859e-12
78.98803070191414,1.0468580452418008,0.6970275614613759,4.6304651248879014e-08,2.752743093962108e-07,8.9727201360839e-10,8.945525172713101e-10,9.372877045706848e-10,6.906635581192026e-10,1.4490795853307191e-08,6.372771992084151e+18,8.939156928045211e-10,9.187203868827937e-10,9.077086071808303e-10,6.527621745364877e-10,1.328977019156994e-08,2.911931717597693e+18,2.6993414999999997e-12,3.5405495000000004e-12
-43.46585578168257,1.0825792577784883,3.3767381952098403,4.655958066578711e-08,2.605921223585863e-07,8.896250212396342e-10,9.118808157053411e-10,8.871719829928886e-10,6.135111623948018e-10,1.4563369245023938e-08,6.500966039535862e+18,9.53386574769191e-10,9.119221887436507e-10,9.57601609266774e-10,6.272125910957167e-10,1.431712564226444e-08,2.82713212802304e+18,6.112883499999999e-12,6.9051175e-12
4.188690330448729,1.0734097103821234,0.4029976677743827,4.7477976240565644e-08,2.568608513473049e-07,8.91083377421827e-10,9.282187152881201e-10,8.99559860529341e-10,6.629635406145066e-10,1.3835435814128924e-08,6.136159741821984e+18,9.205922722870795e-10,9.161968102346155e-10,9.36262762484868e-10,6.756921515389536e-10,1.3752244388533864e-08,2.74776081805909e+18,2.47965e-12,3.408329e-12
76.10829583399652,0.9368954046335212,3.4640453892950567,4.739913534101414e-08,2.626152828527652e-07,8.461872151360942e-10,8.782457946633206e-10,9.415416705690248e-10,6.873474642060096e-10,1.3907923548809772e-08,6.055848382563785e+18,9.626098957501998e-10,9.226420135773715e-10,9.142477290397367e-10,6.491125858454382e-10,1.4257081875455157e-08,2.935605754924232e+18,6.742224e-12,7.6119045e-12
28.842239513480948,0.9696537527330954,4.734777954101331,4.709306191073361e-08,2.596619584362087e-07,9.191945127734407e-10,8.58020578033555e-10,9.062341095082621e-10,6.811230085480011e-10,1.4259514370364371e-08,6.415564024623403e+18,9.103924579041977e-10,9.507195252450515e-10,9.02776017275065e-10,6.189062290935937e-10,1.3986899866774824e-08,2.790976691343841e+18,8.257493e-12,9.096310499999999e-12
53.550214397346565,1.0454453309659515,4.840174994616986,4.5400548963201927e-08,2.5294113668563096e-07,8.920226188388851e-10,8.201690269682009e-10,9.391104313201506e-10,6.684245120919622e-10,1.3820901980523341e-08,6.505812903250359e+18,9.288851033113143e-10,8.802907001257534e-10,9.323052340353803e-10,6.494602888105882e-10,1.2845410384348089e-08,2.908408412565247e+18,7.7348265e-12,8.468826999999999e-12
-11.809690004774076,0.9139230268924088,0.3975308166862226,4.601463774897856e-08,2.4920999063265564e-07,8.819408613116686e-10,9.320872532313455e-10,8.873486545656405e-10,6.426925645483537e-10,1.4251482006492411e-08,6.407255681151592e+18,9.157755082012823e-10,8.869855474085224e-10,9.376239677362352e-10,6.594210019322327e-10,1.3292875678757637e-08,2.769165627683621e+18,2.4960230000000002e-12,3.3651645e-12
59.10243975919494,0.9870953740260432,4.049630519356101,4.848828669934403e-08,2.3820779981021285e-07,9.105927328341879e-10,9.077775956024736e-10,8.685046292192877e-10,6.238071795363307e-10,1.4748034209130177e-08,6.338383404994677e+18,8.888675633941122e-10,9.770512531034434e-10,9.281107625555379e-10,6.559323278334023e-10,1.351409320867188e-08,2.675538977211846e+18,8.254941e-12,9.1667385e-12
69.7643144417918,1.052659099968574,1.2862695272796694,4.5987328356120556e-08,2.4873870114680716e-07,8.894412720053071e-10,8.604801242669334e-10,8.921546628185864e-10,6.424451126185597e-10,1.4057211751324545e-08,6.620075940978421e+18,8.923794114603251e-10,9.13710428590651e-10,9.460989900446075e-10,6.553238524160524e-10,1.3336463564044772e-08,2.9186123422852296e+18,3.54433e-12,4.3459165e-12
76.38428276889519,0.9683769090888508,4.84664023473583,4.7463423327766174e-08,2.4760403565182324e-07,8.710631623889432e-10,8.82932358723151e-10,9.104200557345741e-10,6.577256211743324e-10,1.3660891061854828e-08,6.671171894971703e+18,9.379653449222401e-10,8.69440652581717e-10,8.74897948476512e-10,6.380076471877275e-10,1.361373015490574e-08,2.789498381379747e+18,8.857818e-12,9.717066e-12
35.86371143025147,1.0816338319893208,2.8095958261220044,4.665529113129055e-08,2.484379194138689e-07,8.98186019133976e-10,8.845113310162527e-10,8.987225593990198e-10,6.537004969941397e-10,1.4718798817862872e-08,6.582630080018226e+18,9.338331768842695e-10,9.1188853304428e-10,8.894578214064327e-10,6.268963600334193e-10,1.4435788662879074e-08,2.9101473747938847e+18,5.614701e-12,6.418634e-12
0.0689935853024223,0.984331296408524,4.103299019911424,4.688676101351018e-08,2.5157075851416643e-07,9.37093431390092e-10,9.357550514256081e-10,8.653771816505293e-10,6.520971110724125e-10,1.4291535458535572e-08,6.320295402463938e+18,9.474072770133583e-10,9.286182695648415e-10,9.286624794678511e-10,6.568384561209311e-10,1.39839382569797e-08,2.821308959922828e+18,7.524445500000001e-12,8.353866000000001e-12
-13.629040311271233,1.0114786816022612,3.891054652514922,4.641197121306164e-08,2.688905505601576e-07,8.690317766473965e-10,9.141992055022747e-10,9.154728611027631e-10,6.440079907648546e-10,1.4081670108352746e-08,6.587187445708741e+18,9.178884678071431e-10,9.543524792842346e-10,9.637270519654364e-10,6.561770632554521e-10,1.3297385185476537e-08,2.7434698093934336e+18,6.6881755e-12,7.484275e-12
-22.35092503851302,0.9672606579840972,0.4059855975237774,4.5724287273042085e-08,2.5234076278098635e-07,9.402684904260847e-10,8.939243172378345e-10,9.318403230785586e-10,6.589161191172745e-10,1.4322269800550885e-08,6.26979436399291e+18,9.270318870026345e-10,8.738688252543151e-10,9.232547202604983e-10,6.610010581453412e-10,1.4248204583033242e-08,2.7254078976481106e+18,2.3909155e-12,3.2301085e-12
-40.28919030779309,0.9668809463747248,0.87008293287008,4.789715760118543e-08,2.613878240798916e-07,8.795386640321612e-10,9.164263051432905e-10,9.119232231632025e-10,6.380909413577844e-10,1.4652900294168372e-08,6.633053630035354e+18,9.198087965203827e-10,8.934863957737018e-10,9.738040625160042e-10,6.446929700773714e-10,1.4089485671145377e-08,2.7222233879298545e+18,3.3014585000000003e-12,4.2388705e-12
42.466747279408224,1.0424527386658142,2.1463736996685108,4.6192734788247335e-08,2.5408509200135346e-07,9.12740935986915e-10,8.660722826064494e-10,9.25708768564922e-10,6.72672116566936e-10,1.4248837514947238e-08,6.446506997080836e+18,9.662452373138155e-10,8.929236011061287e-10,9.72820234786587e-10,6.538358373232252e-10,1.4100809798115738e-08,2.777138206629638e+18,4.6516605e-12,5.4475795e-12
-52.960992005715774,1.0692006978750002,1.906926754641804,4.490648790242168e-08,2.460763975320825e-07,8.423534205518917e-10,9.289372281517295e-10,8.63238717511969e-10,6.132041476445602e-10,1.3466786149654696e-08,6.549083540425207e+18,9.59804392172333e-10,9.035013181817223e-10,9.24953865186369e-10,6.595564831679278e-10,1.3674173943739656e-08,2.991987355416535e+18,4.128236e-12,4.857684e-12
25.374128221445275,0.9699601107324194,1.451325791826491,4.9654852131784525e-08,2.519851269503544e-07,8.527026372634206e-10,8.947870705353711e-10,8.714967999922043e-10,6.537624156998102e-10,1.4121596386878533e-08,6.729252846017536e+18,8.373885825745289e-10,9.224127807239724e-10,9.42388757596827e-10,6.611495805632627e-10,1.4652832514347168e-08,2.720644228254916e+18,4.5066405e-12,5.5210605e-12
-37.24894742513433,1.0469146005579275,3.2636115628978524,4.5142378142281745e-08,2.496738242822508e-07,9.051108195991215e-10,9.241739417893256e-10,8.96067960818893e-10,6.21480512276435e-10,1.3756678845788828e-08,6.370643505339098e+18,8.532103281756024e-10,9.191594399033851e-10,9.213242676876903e-10,6.524237550677584e-10,1.39408466865068e-08,2.7869041711508413e+18,5.8138510000000005e-12,6.543797999999999e-12
101.54056148794427,1.0711857393395965,0.9902013624648064,4.542947945585736e-08,2.60984908903256e-07,9.174247342522307e-10,9.101999369348979e-10,9.268300647002435e-10,6.291631891641608e-10,1.4520653720578866e-08,6.168823140887818e+18,9.250962280473445e-10,9.270311426253177e-10,9.459620857425127e-10,6.596986345793065e-10,1.3289541205683544e-08,2.874787720290092e+18,2.9793785e-12,3.757216e-12
88.01931761381945,0.9242586716695032,3.638355948021922,4.8465006684971814e-08,2.448841554013456e-07,8.426741411474818e-10,8.956038818975222e-10,9.077175247861747e-10,6.868194912493104e-10,1.3654260228023378e-08,6.310701994610094e+18,9.56624085187024e-10,9.587994579440315e-10,9.197907964969287e-10,6.366863971300428e-10,1.4458348992437349e-08,2.739913441485456e+18,7.737295e-12,8.6721245e-12
70.83481148162652,0.9664447956869564,1.2748222972630103,4.431679631444717e-08,2.5003072830343517e-07,8.565059507099278e-10,8.804421114076006e-10,8.687182937570715e-10,6.830068444992794e-10,1.4350997772284288e-08,6.234510335105479e+18,8.541224067495455e-10,9.334686182568442e-10,9.221897937557299e-10,6.645854657148688e-10,1.3755437105902852e-08,2.889527823471829e+18,3.3282424999999998e-12,4.0574135e-12
111.45565077962678,1.0408959712319843,3.922455381383908,4.641665715338137e-08,2.619860569498349e-07,9.64126241883471e-10,9.592760635668159e-10,9.166963377620651e-10,6.172103837390239e-10,1.4359676449521614e-08,6.295581488428462e+18,9.714007133966022e-10,9.14380765375797e-10,9.253915819222879e-10,6.598462848009492e-10,1.3887809486818724e-08,2.76144344812132e+18,6.783661e-12,7.5735075e-12
3.7484915059975776,1.06399763940111,2.3211746759716685,4.5760811720260144e-08,2.522176164761484e-07,9.359348364151586e-10,9.274064663723873e-10,9.591680777105264e-10,6.355723903240033e-10,1.4008907393819684e-08,6.283411909562984e+18,9.492351691784458e-10,9.114066935403939e-10,9.183858876195667e-10,6.519860677500003e-10,1.4562338130348428e-08,2.807713232806504e+18,4.762706e-12,5.530583e-12
-16.62357659535185,0.953073209044319,4.604881106698988,4.9225944274932e-08,2.551461526518257e-07,8.775199012572704e-10,9.48544736419174e-10,8.831359265086167e-10,6.557070932692752e-10,1.5043740279234412e-08,6.51071375094046e+18,9.162868300125676e-10,9.586496270396447e-10,9.723666364134538e-10,6.707587415960396e-10,1.4532968551968977e-08,2.801133402682926e+18,9.0029845e-12,9.9619415e-12
36.58907325164675,0.9644225405377664,0.4614745176339783,4.2099316407604966e-08,2.5606760258993476e-07,8.811139696988842e-10,9.084272253479207e-10,9.152477034151967e-10,6.658285658654877e-10,1.427946350581685e-08,6.358156524531803e+18,9.084861825796507e-10,9.345944545547414e-10,9.253775894239767e-10,6.423919515896746e-10,1.4554587563320811e-08,2.8173896568245944e+18,2.0111244999999998e-12,2.6462655e-12
108.39285055387384,0.974594064053899,4.17955640687657,4.7719181915482725e-08,2.5048921692737585e-07,9.204436719829087e-10,9.559082109859986e-10,8.80258134310443e-10,6.37981644233769e-10,1.3448540062980873e-08,6.707370944576404e+18,9.107469218638737e-10,9.114746926726156e-10,8.787409276642783e-10,5.951008280298979e-10,1.4742411273889716e-08,2.694964373026547e+18,7.954863999999999e-12,8.8298125e-12
-40.20919409264338,1.028512539031132,4.750797796624971,5.0989226558830483e-08,2.4328382348210144e-07,8.500243300520363e-10,9.131044552645151e-10,9.218014345622224e-10,6.309850755938423e-10,1.4334046882227346e-08,7.090460473827705e+18,9.082493760226025e-10,9.291255461535496e-10,9.317905480637316e-10,6.72923905107363e-10,1.3958214186984002e-08,2.8305684828802324e+18,9.874837000000001e-12,1.09041695e-11
-3.0762521933653773,1.0334022301783026,0.4994839167552374,4.400275316954057e-08,2.638863869489958e-07,9.124612814203044e-10,8.778102704607411e-10,8.836559224304632e-10,6.513532137319932e-10,1.4061995305362854e-08,6.238534828100958e+18,9.474539437611481e-10,9.062274076573263e-10,9.756909722141683e-10,6.354110770435852e-10,1.3451001567412457e-08,2.925460274299669e+18,2.2116915e-12,2.9368585e-12
-10.46980794445711,0.9297532323370225,2.400396024501234,4.4697535708560426e-08,2.6416516747523843e-07,8.72192911843522e-10,9.290407680802791e-10,8.904276328273872e-10,6.63659789173924e-10,1.4481586000900461e-08,6.587168601810802e+18,8.971389922702415e-10,9.489751452274132e-10,8.999219791334744e-10,6.315804541151422e-10,1.3616381850551772e-08,2.7090101921421696e+18,4.7265705000000004e-12,5.4678359999999996e-12
-42.05759927867331,0.9462435039128276,0.8581879951052599,4.904860196428451e-08,2.5566393740426213e-07,8.738799098666871e-10,8.77738159222632e-10,8.842082386476806e-10,6.638874528065606e-10,1.4182626260121651e-08,6.712589504701978e+18,9.245116610221098e-10,9.126217545727711e-10,8.577926537314434e-10,6.509636939388188e-10,1.3792152088642717e-08,2.79768185542786e+18,3.519371e-12,4.528471e-12
35.2395667197506,0.9121198650333948,0.5220605681043523,4.828995331491298e-08,2.487135851871407e-07,9.094272287594053e-10,9.575755668362342e-10,9.19614253355552e-10,7.037090174471329e-10,1.3613950590435694e-08,6.308891166755985e+18,9.445119302083432e-10,9.184044831556171e-10,9.637269874804788e-10,6.420641786939397e-10,1.3363429451767962e-08,2.892223693419543e+18,2.977846e-12,3.972923e-12
64.273906336495,0.9928224777627448,1.0656914236366977,4.578647713015028e-08,2.500255487569243e-07,8.929871508036907e-10,9.187522929266277e-10,8.723673705661192e-10,6.34122912359657e-10,1.3540335060726188e-08,6.030266675762719e+18,9.060352040698835e-10,8.698434413922417e-10,9.385423114009736e-10,6.106384413352514e-10,1.4306291178302951e-08,2.766027812609795e+18,3.287152e-12,4.0957575e-12
-41.82949715885611,1.049092870726521,1.1923173418487665,4.852331002095538e-08,2.4498932490945505e-07,9.065758869215936e-10,8.708241669136077e-10,9.174725112669231e-10,6.641348127736393e-10,1.4043903432325984e-08,6.628402487347576e+18,9.349531864723986e-10,9.309117349122955e-10,9.196598600194307e-10,6.7642805258199e-10,1.4347139569880889e-08,2.6778393690444667e+18,3.8566605e-12,4.80085e-12
-48.83404010189801,0.9312376591668808,0.4904914800181026,4.471182027644202e-08,2.6655088040884076e-07,9.132364789761615e-10,8.855135770171842e-10,9.089844666642263e-10,6.3863337867336e-10,1.3599416664831052e-08,6.534858554920739e+18,9.0989847484486e-10,9.100415160331239e-10,8.842539687014491e-10,6.283842624754438e-10,1.2990812175723528e-08,2.839597526973241e+18,2.383903e-12,3.1676785000000004e-12
38.00157036572533,1.0547130000040137,0.8344060901871074,4.532666253767272e-08,2.59739579619216e-07,9.092739009807191e-10,8.758520761170372e-10,9.185022366812351e-10,6.651009349758172e-10,1.4129271214690388e-08,6.418722538489321e+18,9.284987359290307e-10,8.554530576676952e-10,9.338547650986856e-10,6.495639703204961e-10,1.4312965551500632e-08,2.8623388699219686e+18,2.790024e-12,3.5712760000000002e-12
23.68032936062407,0.9856750337083048,2.979353403997152,4.7936444063404224e-08,2.528026674717363e-07,8.873268280752658e-10,8.979408935563232e-10,8.865562508981199e-10,6.653541829611404e-10,1.4377941389430156e-08,6.90517651784727e+18,9.380806219070903e-10,9.248503672477767e-10,8.807543127892817e-10,6.213491261022774e-10,1.434756827960138e-08,2.9169524651925176e+18,6.2719940000000005e-12,7.1604394999999994e-12
65.64940337212907,1.042045483742116,3.437325958899505,4.731014773512392e-08,2.490239056936179e-07,9.2646125202258e-10,9.220014406435991e-10,8.839037539257215e-10,6.420331910433307e-10,1.4279867923212189e-08,6.511260879620194e+18,9.60710106927499e-10,9.065584835492725e-10,9.004236298893501e-10,6.488439054580471e-10,1.4167970358179213e-08,2.8710995185002844e+18,6.673977e-12,7.5136565e-12
7.567857625354946,1.0103749405547406,3.653407048766292,5.109456565846651e-08,2.507132837069597e-07,8.431719252039088e-10,8.741993479546054e-10,9.033457335252739e-10,6.700177370549812e-10,1.3723343558490451e-08,6.334245079077021e+18,8.944247655508035e-10,8.749611878351787e-10,8.928943787541917e-10,6.758573609797066e-10,1.4037462718228126e-08,2.825281211548296e+18,8.08972e-12,9.13724e-12
117.84056133083368,0.9104279153118092,4.486476664857329,4.7377262971236385e-08,2.4751924688072543e-07,8.860747574420472e-10,9.113365374865003e-10,8.713683929554071e-10,6.652255637150306e-10,1.3770103177742924e-08,6.876046807993413e+18,9.547888658074807e-10,9.141654373515621e-10,9.271833341972631e-10,6.357359765001066e-10,1.4627853742687809e-08,2.9112862194674406e+18,8.5849635e-12,9.4616335e-12
-16.55487331740622,1.042840968142277,2.429132482581664,4.576330050067538e-08,2.5652758003948676e-07,9.117061924042307e-10,9.445999683475666e-10,8.583359016494214e-10,6.419806180811416e-10,1.3383008061517992e-08,6.392924041436138e+18,8.929040450486378e-10,9.074640564868607e-10,8.817439016270675e-10,6.591423706283127e-10,1.3825395930003929e-08,2.689247208381055e+18,4.8774519999999995e-12,5.647476e-12
3.9484434688025294,0.9581681663379172,4.009396631513357,4.8469855015336623e-08,2.6632267400582756e-07,8.894024733852769e-10,8.78052120151352e-10,8.892385307538765e-10,6.580265424894182e-10,1.3894640932252225e-08,6.471206931252018e+18,9.17121926611364e-10,8.971697612146844e-10,9.179271100622435e-10,6.397758484989602e-10,1.402422930370236e-08,2.71339760261564e+18,7.6450395e-12,8.5611705e-12
109.52522649669233,0.919350988512924,2.8535403887995,4.24705402699475e-08,2.51177982469152e-07,8.957008917791322e-10,8.726543305303013e-10,9.17821685185922e-10,6.636538930206802e-10,1.3992708186457725e-08,6.618450362448251e+18,9.231386723160183e-10,9.211034370689927e-10,9.087537891581295e-10,6.479108310956872e-10,1.4545291784137938e-08,2.7546019932371016e+18,4.8722065e-12,5.5043015e-12
-26.09110957882581,0.9895122655117894,1.237847534196689,5.026736745236679e-08,2.440613667269841e-07,9.585388018364155e-10,9.62381518524493e-10,9.210391605731227e-10,6.476623521151333e-10,1.4192602365531936e-08,6.845536324343337e+18,9.389694526949163e-10,9.339802247080623e-10,9.33664297575728e-10,6.614954146733968e-10,1.4799537665881496e-08,2.732956552316347e+18,4.323502e-12,5.377443499999999e-12
73.57070669308797,1.0554292287839644,0.2026740066254619,4.7558986200765435e-08,2.534229396551521e-07,9.101374995624287e-10,9.242189857790371e-10,8.762334953560764e-10,6.13213350781717e-10,1.4838432898529682e-08,6.52277973432667e+18,9.280132795909647e-10,8.952332908162767e-10,8.830203291852551e-10,6.698007099188571e-10,1.4039367290625746e-08,2.924577258136532e+18,2.203688e-12,3.1577555000000003e-12
93.46184642790512,1.077667644981954,0.2878028171671986,4.6766743187677956e-08,2.657368160041101e-07,9.052242083424568e-10,9.271397316613832e-10,8.719420414287653e-10,6.373410346588937e-10,1.4479548603789332e-08,6.624307457761818e+18,9.665730125000592e-10,9.149692390488155e-10,9.189200338729525e-10,6.286503675655989e-10,1.4179697436165451e-08,2.955810027311465e+18,2.2165725000000003e-12,3.109549e-12
-39.55685292530155,0.9820765332272482,1.549419772175841,4.458025379201525e-08,2.6395526705420267e-07,9.432986261582227e-10,9.372675395695427e-10,9.275935200276003e-10,6.345986132216315e-10,1.376477429211218e-08,6.445096448713927e+18,9.502071693156526e-10,9.403798508682296e-10,8.56228783342225e-10,6.588357305377777e-10,1.4100641711137112e-08,2.7671791703916774e+18,3.6018930000000002e-12,4.336215e-12
70.88281141649733,0.9093582339145222,2.757231699073646,4.9780230155554894e-08,2.550357115919973e-07,8.469588154656617e-10,9.177830334602731e-10,8.900866195196162e-10,6.192683601330937e-10,1.4572745002052744e-08,6.624090920385106e+18,9.39838095056218e-10,9.517228548481883e-10,9.627424844645084e-10,6.736985856485554e-10,1.4127678663328426e-08,2.8742980125998674e+18,6.628753e-12,7.6438895e-12
73.11854597142829,0.9555927545919304,0.0847828809092054,4.97233709043482e-08,2.6703782489242574e-07,9.11124512261704e-10,8.707868763955571e-10,9.169977999311403e-10,6.420258720533425e-10,1.3660139914720972e-08,6.503549774559123e+18,9.441643444093891e-10,9.019776717617319e-10,9.134724299789701e-10,6.248204821922503e-10,1.4317823026643042e-08,2.829952803173796e+18,2.305475e-12,3.428822e-12
114.68852749091968,0.9793771954706106,1.17922737535004,4.9231035448696553e-08,2.496505678075528e-07,8.897406652844657e-10,9.189211047887781e-10,8.579016569731223e-10,6.380305453814265e-10,1.4578997040269257e-08,6.392573305150703e+18,9.116961109659447e-10,9.144767536548212e-10,8.653568177374846e-10,6.382269398074242e-10,1.3387704612748361e-08,2.817860745313971e+18,4.0248515e-12,5.022903e-12
100.45070746428615,0.9282772348370184,2.7305744546508586,5.057621583564043e-08,2.433846793999072e-07,9.270912892314003e-10,8.957678292019335e-10,9.093915388743579e-10,6.091525974952962e-10,1.4142990814738612e-08,6.893079061626016e+18,8.906437902298995e-10,9.310219311748943e-10,8.979345675976574e-10,6.202956649206093e-10,1.4481195768576398e-08,2.7806682365455206e+18,6.9226275e-12,7.977773999999999e-12
66.41620399859494,1.0658741581732598,2.513636864430663,4.589996882696668e-08,2.5173334091372174e-07,8.359407491724643e-10,8.889812978988035e-10,9.008915155451579e-10,6.400056347982935e-10,1.40635108708994e-08,6.400555938378437e+18,8.853551392819577e-10,9.221794480219223e-10,8.654225148393632e-10,6.445499084818296e-10,1.3805295129498525e-08,2.7396364381440097e+18,5.0219825e-12,5.7926745e-12
63.58286232966955,0.9155474835355636,4.072644302681805,4.6493974003314577e-08,2.5723404292965395e-07,9.011203711242447e-10,8.721530995648886e-10,8.333745928312157e-10,6.92080716666599e-10,1.4170251384398465e-08,6.39832275117808e+18,9.113946634075823e-10,9.38549248725353e-10,9.610909597873434e-10,6.619291371386206e-10,1.4144887199107465e-08,2.92099773399974e+18,7.443613e-12,8.270203999999999e-12
39.60351120926552,0.9870257301349056,3.160912420116726,4.793067184106281e-08,2.6556214021929306e-07,8.962559177903702e-10,9.435670664872802e-10,8.812229132769756e-10,6.303752570319285e-10,1.3836679590476925e-08,6.461605928155488e+18,8.932744901751047e-10,9.603102398185786e-10,9.375940897885911e-10,6.594803507340643e-10,1.4125802075280376e-08,2.787785739774067e+18,6.3015975e-12,7.186557e-12
78.16147842473319,0.9004067422316886,0.8499186747492582,4.8080269762193215e-08,2.495841211119167e-07,9.136637130128745e-10,8.974524261704166e-10,9.346468506600406e-10,6.615350827962868e-10,1.3278928351725992e-08,6.406033498153754e+18,9.028010861663263e-10,9.153798160899842e-10,9.038491800498975e-10,6.352393833793442e-10,1.4148687640026841e-08,2.694543081303611e+18,3.482295e-12,4.4472950000000006e-12
-37.7422552728572,0.9115185380843964,1.391430548533478,4.511587904546345e-08,2.645711622767199e-07,9.304863205956413e-10,9.075595829677665e-10,8.918181923759436e-10,6.168035136088916e-10,1.4441020892291018e-08,6.440008026984021e+18,9.584214960416622e-10,9.267734817381228e-10,8.808871879523791e-10,6.608712493721561e-10,1.3371381187927412e-08,2.744386417572515e+18,3.623736e-12,4.405088e-12
-23.428716938656184,1.052737038338615,3.761235968517177,4.656115571471469e-08,2.511841028514049e-07,8.864543902130612e-10,9.058437931870387e-10,9.181104960655991e-10,6.789733884166887e-10,1.4114077753824662e-08,6.368161788730247e+18,8.84295932523727e-10,9.031228579767287e-10,9.010288888363287e-10,6.490476688013482e-10,1.3871411067047392e-08,2.7655994658943493e+18,6.8113465000000005e-12,7.6080755e-12
56.55353149778058,0.929614915338136,4.151860551832376,4.697729108277122e-08,2.485636246476579e-07,8.810813439913452e-10,8.681697598770617e-10,8.913622665708805e-10,6.263314219815597e-10,1.4311853067805974e-08,6.514108357223582e+18,8.795620264789243e-10,8.713695318385263e-10,8.913847666824397e-10,6.596227188951173e-10,1.4394572644880536e-08,2.695072328493084e+18,7.8644855e-12,8.714210499999999e-12
35.29442232897087,0.910496207537656,1.8625902626342912,4.6987138258190975e-08,2.5262380600696646e-07,9.541538490369852e-10,9.248609885156035e-10,8.330582318766201e-10,6.42311434033525e-10,1.3647906461873036e-08,6.759707451499034e+18,9.599542731635334e-10,8.899547540366452e-10,8.5707286108713e-10,6.49417724937598e-10,1.4307244205393192e-08,2.7919244314987827e+18,4.711657e-12,5.585397e-12
